fold_id,model_type,train_rows,valid_rows,train_dates,valid_dates,prediction_std,nonzero_coef_count,coef_l1_norm,intercept,selected_alpha
0,random_forest,59334,497,120,1,0.005919739800767055,,,,
1,random_forest,59831,497,120,1,0.0010238932746825613,,,,
2,random_forest,59830,498,120,1,0.0024546037185248504,,,,
3,random_forest,59829,497,120,1,0.024921850833563495,,,,
4,random_forest,59826,498,120,1,0.02551468626102731,,,,
5,random_forest,59824,496,120,1,0.021081731377180803,,,,
6,random_forest,59820,496,120,1,0.019526979149757984,,,,
7,random_forest,59817,496,120,1,0.011563691228888288,,,,
8,random_forest,59813,497,120,1,0.0091653490766552,,,,
9,random_forest,59812,496,120,1,0.004914359704327425,,,,
10,random_forest,59810,496,120,1,0.0015989787093525262,,,,
11,random_forest,59806,495,120,1,0.025567553136335987,,,,
12,random_forest,59801,497,120,1,0.0015652367747321374,,,,
13,random_forest,59798,496,120,1,0.006316018402872306,,,,
14,random_forest,59795,497,120,1,0.022429660417129422,,,,
15,random_forest,59792,498,120,1,0.05804118249224185,,,,
16,random_forest,59791,499,120,1,0.007356968814884464,,,,
17,random_forest,59790,499,120,1,0.021814714215020698,,,,
18,random_forest,59790,496,120,1,0.009315255931194125,,,,
19,random_forest,59786,499,120,1,0.00506659816130001,,,,
20,random_forest,59787,497,120,1,0.003442677127358078,,,,
21,random_forest,59784,498,120,1,0.0225019845595728,,,,
22,random_forest,59783,498,120,1,0.053247193808871544,,,,
23,random_forest,59781,497,120,1,0.03038990412281829,,,,
24,random_forest,59778,496,120,1,0.021597315136216412,,,,
25,random_forest,59774,496,120,1,0.03731102611001843,,,,
26,random_forest,59771,499,120,1,0.00013544657766474287,,,,
27,random_forest,59770,499,120,1,0.0009599442617963442,,,,
28,random_forest,59770,500,120,1,0.000481782290597966,,,,
29,random_forest,59772,497,120,1,0.00025532944074665325,,,,
30,random_forest,59769,497,120,1,0.0005340277702035273,,,,
31,random_forest,59767,499,120,1,0.05356683284698371,,,,
32,random_forest,59766,499,120,1,0.029415524487853433,,,,
33,random_forest,59765,500,120,1,0.009434865387896172,,,,
34,random_forest,59765,500,120,1,0.014945514102353646,,,,
35,random_forest,59765,498,120,1,0.023657232438692843,,,,
36,random_forest,59763,499,120,1,0.03716451456278606,,,,
37,random_forest,59762,499,120,1,0.032303983220791484,,,,
38,random_forest,59761,499,120,1,0.011399486139754052,,,,
39,random_forest,59760,498,120,1,0.01947459195409307,,,,
40,random_forest,59760,497,120,1,0.007249924621440443,,,,
41,random_forest,59757,500,120,1,0.0037791418966481418,,,,
42,random_forest,59757,499,120,1,0.0016352448529740376,,,,
43,random_forest,59756,499,120,1,0.0002964709791832482,,,,
44,random_forest,59755,500,120,1,0.00031866846872482884,,,,
45,random_forest,59755,500,120,1,0.000536098855295891,,,,
46,random_forest,59755,500,120,1,0.00012128905347288996,,,,
47,random_forest,59757,499,120,1,0.0003680302635731343,,,,
48,random_forest,59757,499,120,1,0.0006574745345542532,,,,
49,random_forest,59757,499,120,1,0.0005522383131878608,,,,
50,random_forest,59758,498,120,1,0.0011342783694372424,,,,
51,random_forest,59756,500,120,1,0.0006715637539034168,,,,
52,random_forest,59757,499,120,1,0.00023708304714298967,,,,
53,random_forest,59757,500,120,1,0.00013588507415957616,,,,
54,random_forest,59757,500,120,1,0.0002290242235037544,,,,
55,random_forest,59757,497,120,1,0.0007373934477745697,,,,
56,random_forest,59755,499,120,1,2.0331218167913398e-05,,,,
57,random_forest,59756,499,120,1,0.0,,,,
58,random_forest,59757,498,120,1,0.0002783890839461525,,,,
59,random_forest,59756,499,120,1,2.4954887996766327e-05,,,,
60,random_forest,59756,500,120,1,0.0001905324445350032,,,,
61,random_forest,59757,499,120,1,0.0007059250449320655,,,,
62,random_forest,59756,500,120,1,4.034193570878561e-05,,,,
63,random_forest,59757,497,120,1,8.623817570997882e-05,,,,
64,random_forest,59757,499,120,1,0.00013167435600886548,,,,
65,random_forest,59756,500,120,1,0.0,,,,
66,random_forest,59758,499,120,1,0.0,,,,
67,random_forest,59757,498,120,1,1.0408340855860843e-17,,,,
68,random_forest,59757,496,120,1,8.104044317548437e-05,,,,
69,random_forest,59753,499,120,1,0.0,,,,
70,random_forest,59753,499,120,1,5.569096419790858e-05,,,,
71,random_forest,59754,497,120,1,3.30362851731196e-05,,,,
72,random_forest,59754,497,120,1,0.00027909884900673403,,,,
73,random_forest,59756,497,120,1,8.457719360579273e-05,,,,
74,random_forest,59758,499,120,1,9.579706012615264e-05,,,,
75,random_forest,59759,499,120,1,0.0001456113003524463,,,,
76,random_forest,59760,495,120,1,0.0001918266382767234,,,,
77,random_forest,59760,498,120,1,3.469446951953614e-18,,,,
78,random_forest,59759,497,120,1,2.6943785330006842e-05,,,,
79,random_forest,59757,500,120,1,0.00021372306507200746,,,,
80,random_forest,59759,497,120,1,0.00013639241133581257,,,,
81,random_forest,59756,500,120,1,7.559284269527848e-05,,,,
82,random_forest,59757,499,120,1,0.0002046481729323166,,,,
83,random_forest,59756,495,120,1,0.0001335694776844404,,,,
84,random_forest,59751,498,120,1,0.0002724764084430313,,,,
85,random_forest,59751,498,120,1,0.00021291529038362583,,,,
86,random_forest,59751,498,120,1,5.061098699724898e-05,,,,
87,random_forest,59749,496,120,1,3.469446951953614e-18,,,,
88,random_forest,59745,499,120,1,1.734723475976807e-18,,,,
89,random_forest,59746,499,120,1,3.469446951953614e-18,,,,
90,random_forest,59745,499,120,1,1.734723475976807e-18,,,,
91,random_forest,59747,496,120,1,1.734723475976807e-18,,,,
92,random_forest,59745,499,120,1,0.0002285077657688142,,,,
93,random_forest,59747,497,120,1,6.829110626134402e-05,,,,
94,random_forest,59745,494,120,1,0.00047849220275702304,,,,
95,random_forest,59740,495,120,1,0.0007578410260344352,,,,
96,random_forest,59737,495,120,1,0.010717602017448282,,,,
97,random_forest,59734,499,120,1,0.04172443146838682,,,,
98,random_forest,59734,500,120,1,0.02668700221506297,,,,
99,random_forest,59734,498,120,1,0.02136881672249429,,,,
100,random_forest,59734,499,120,1,0.022060734416598584,,,,
101,random_forest,59737,499,120,1,0.002881430287829651,,,,
102,random_forest,59737,499,120,1,0.02103428646022163,,,,
103,random_forest,59740,499,120,1,0.014516551415720693,,,,
104,random_forest,59744,499,120,1,0.031787246446043714,,,,
105,random_forest,59745,495,120,1,0.021202678824450143,,,,
106,random_forest,59743,498,120,1,0.03971922888329809,,,,
107,random_forest,59748,496,120,1,0.04944544539465142,,,,
108,random_forest,59748,497,120,1,0.03797636427976349,,,,
109,random_forest,59748,495,120,1,0.03420510910952476,,,,
110,random_forest,59747,499,120,1,0.01300034443746185,,,,
111,random_forest,59746,500,120,1,0.06062051958318532,,,,
112,random_forest,59749,499,120,1,0.02041034230369437,,,,
113,random_forest,59750,500,120,1,0.046957738714944894,,,,
114,random_forest,59753,500,120,1,0.006186098986283758,,,,
115,random_forest,59757,500,120,1,0.006337949888069801,,,,
116,random_forest,59759,500,120,1,0.002530738283839335,,,,
117,random_forest,59764,500,120,1,0.003441186197081002,,,,
118,random_forest,59766,499,120,1,0.00418509946897887,,,,
119,random_forest,59771,498,120,1,7.609545769237716e-05,,,,
120,random_forest,59773,499,120,1,0.00021775471489532774,,,,
121,random_forest,59775,497,120,1,0.0012412007211722417,,,,
122,random_forest,59775,497,120,1,0.00034228249643547987,,,,
123,random_forest,59774,497,120,1,0.00017025834848261905,,,,
124,random_forest,59774,498,120,1,0.000261048828877199,,,,
125,random_forest,59774,500,120,1,0.002350521368666364,,,,
126,random_forest,59778,498,120,1,0.002854752447025111,,,,
127,random_forest,59780,497,120,1,0.00468639310943736,,,,
128,random_forest,59781,499,120,1,0.008024858815521934,,,,
129,random_forest,59783,499,120,1,0.004225649099012675,,,,
130,random_forest,59786,497,120,1,0.006631649002099796,,,,
131,random_forest,59787,499,120,1,0.005216684532633822,,,,
132,random_forest,59791,500,120,1,0.00106494262310985,,,,
133,random_forest,59794,500,120,1,0.00019733290184339268,,,,
134,random_forest,59798,499,120,1,0.00018634901286591985,,,,
135,random_forest,59800,498,120,1,0.0020768487441878668,,,,
136,random_forest,59800,498,120,1,0.0005309127155635231,,,,
137,random_forest,59799,500,120,1,3.469446951953614e-18,,,,
138,random_forest,59800,497,120,1,0.0012327366376749737,,,,
139,random_forest,59801,499,120,1,0.0023210769345073457,,,,
140,random_forest,59801,499,120,1,0.008148810180658503,,,,
141,random_forest,59803,498,120,1,0.004931115028322437,,,,
142,random_forest,59803,499,120,1,0.0004560516727550071,,,,
143,random_forest,59804,498,120,1,0.002278526140361574,,,,
144,random_forest,59805,498,120,1,0.0032732438811533438,,,,
145,random_forest,59807,499,120,1,0.0009871984251939644,,,,
146,random_forest,59810,500,120,1,0.009077657990315032,,,,
147,random_forest,59811,498,120,1,0.0008648371858973258,,,,
148,random_forest,59810,498,120,1,0.0003635810784143176,,,,
149,random_forest,59808,497,120,1,0.0021283093528442053,,,,
150,random_forest,59808,500,120,1,0.009039023017510138,,,,
151,random_forest,59811,497,120,1,0.0026597410105020113,,,,
152,random_forest,59809,498,120,1,0.0034479011362525246,,,,
153,random_forest,59808,500,120,1,0.00042368425738731797,,,,
154,random_forest,59808,497,120,1,0.004460989450855984,,,,
155,random_forest,59805,500,120,1,0.005150172012587964,,,,
156,random_forest,59807,498,120,1,0.006504463834035736,,,,
157,random_forest,59806,499,120,1,0.0011699827490867928,,,,
158,random_forest,59806,500,120,1,0.00021034796836896604,,,,
159,random_forest,59807,499,120,1,0.00013640226814707208,,,,
160,random_forest,59808,500,120,1,0.00031325728567321864,,,,
161,random_forest,59811,498,120,1,0.0002956131078173394,,,,
162,random_forest,59809,498,120,1,3.705759083584063e-05,,,,
163,random_forest,59808,499,120,1,0.0,,,,
164,random_forest,59808,500,120,1,0.00015562690201092487,,,,
165,random_forest,59808,498,120,1,0.0,,,,
166,random_forest,59806,497,120,1,0.002489619386114494,,,,
167,random_forest,59803,500,120,1,0.0,,,,
168,random_forest,59804,498,120,1,3.469446951953614e-18,,,,
169,random_forest,59803,499,120,1,6.794605184537567e-05,,,,
170,random_forest,59803,499,120,1,3.469446951953614e-18,,,,
171,random_forest,59804,499,120,1,3.469446951953614e-18,,,,
172,random_forest,59803,500,120,1,8.578718770090618e-05,,,,
173,random_forest,59804,498,120,1,3.469446951953614e-18,,,,
174,random_forest,59802,500,120,1,0.0,,,,
175,random_forest,59802,499,120,1,0.0,,,,
176,random_forest,59804,498,120,1,0.0,,,,
177,random_forest,59803,499,120,1,0.0001357896562232551,,,,
178,random_forest,59803,500,120,1,5.516603093221233e-05,,,,
179,random_forest,59805,498,120,1,0.0,,,,
180,random_forest,59804,499,120,1,1.734723475976807e-18,,,,
181,random_forest,59803,495,120,1,0.0,,,,
182,random_forest,59799,498,120,1,3.469446951953614e-18,,,,
183,random_forest,59797,497,120,1,8.673617379884035e-19,,,,
184,random_forest,59797,499,120,1,0.000236774898699894,,,,
185,random_forest,59797,498,120,1,0.001116459567518632,,,,
186,random_forest,59795,498,120,1,0.0,,,,
187,random_forest,59794,497,120,1,6.938893903907228e-18,,,,
188,random_forest,59793,498,120,1,0.0015483072528523472,,,,
189,random_forest,59795,499,120,1,0.009846940040294381,,,,
190,random_forest,59795,499,120,1,0.0,,,,
191,random_forest,59795,497,120,1,3.469446951953614e-18,,,,
192,random_forest,59795,497,120,1,0.0002117042279352087,,,,
193,random_forest,59795,497,120,1,0.00044229167556259527,,,,
194,random_forest,59795,497,120,1,0.002557539264688866,,,,
195,random_forest,59793,496,120,1,0.002582791901847146,,,,
196,random_forest,59790,498,120,1,0.004589364992525811,,,,
197,random_forest,59793,497,120,1,0.004057005374919965,,,,
198,random_forest,59792,498,120,1,0.0019695589818953863,,,,
199,random_forest,59793,497,120,1,0.00328018696251664,,,,
200,random_forest,59790,500,120,1,0.004679578298576052,,,,
201,random_forest,59793,496,120,1,0.0013035344766170708,,,,
202,random_forest,59789,498,120,1,5.421010862427522e-20,,,,
203,random_forest,59788,500,120,1,0.0014018207925830528,,,,
204,random_forest,59793,499,120,1,0.0025350335979520025,,,,
205,random_forest,59794,497,120,1,0.007464799938691355,,,,
206,random_forest,59793,499,120,1,0.0004515184619722167,,,,
207,random_forest,59794,498,120,1,0.0003525240789306354,,,,
208,random_forest,59796,499,120,1,1.0408340855860843e-17,,,,
209,random_forest,59796,500,120,1,0.0003203325448308495,,,,
210,random_forest,59797,498,120,1,0.000703951147902709,,,,
211,random_forest,59796,498,120,1,0.00042921785224638145,,,,
212,random_forest,59798,499,120,1,6.972885511705057e-05,,,,
213,random_forest,59798,496,120,1,3.469446951953614e-18,,,,
214,random_forest,59797,500,120,1,0.001929408390902773,,,,
215,random_forest,59803,499,120,1,0.0030733370290410033,,,,
216,random_forest,59807,499,120,1,6.624642800130312e-05,,,,
217,random_forest,59811,500,120,1,0.00010599809059494547,,,,
218,random_forest,59812,499,120,1,1.734723475976807e-18,,,,
219,random_forest,59811,500,120,1,3.469446951953614e-18,,,,
220,random_forest,59813,500,120,1,4.0559508081255686e-05,,,,
221,random_forest,59814,499,120,1,0.0,,,,
222,random_forest,59814,496,120,1,1.734723475976807e-18,,,,
223,random_forest,59811,498,120,1,0.00021855345989038223,,,,
224,random_forest,59810,500,120,1,0.0,,,,
225,random_forest,59811,500,120,1,1.0408340855860843e-17,,,,
226,random_forest,59816,498,120,1,1.734723475976807e-18,,,,
227,random_forest,59816,496,120,1,0.007595004063844131,,,,
228,random_forest,59816,499,120,1,0.0022630387729959613,,,,
229,random_forest,59818,499,120,1,0.010416066953934142,,,,
230,random_forest,59822,499,120,1,0.001551224760209809,,,,
231,random_forest,59822,498,120,1,0.001746145232729661,,,,
232,random_forest,59820,498,120,1,0.0008083990502665518,,,,
233,random_forest,59819,499,120,1,0.00011340435136824945,,,,
234,random_forest,59818,500,120,1,0.00579068455473941,,,,
235,random_forest,59818,497,120,1,0.0018973573531049003,,,,
236,random_forest,59815,499,120,1,0.0038686659444647394,,,,
237,random_forest,59814,499,120,1,0.000478713891311315,,,,
238,random_forest,59813,499,120,1,0.0019783572994000486,,,,
239,random_forest,59813,499,120,1,0.001742574586924981,,,,
240,random_forest,59814,497,120,1,0.000851138811811638,,,,
241,random_forest,59812,498,120,1,0.0,,,,
242,random_forest,59813,500,120,1,0.023829588746387402,,,,
243,random_forest,59816,500,120,1,0.01183402460512052,,,,
244,random_forest,59819,498,120,1,0.06945739736027536,,,,
245,random_forest,59819,499,120,1,0.035490876824432756,,,,
246,random_forest,59818,500,120,1,0.03652658355499267,,,,
247,random_forest,59820,500,120,1,0.004148094852719106,,,,
248,random_forest,59823,500,120,1,3.469446951953614e-18,,,,
249,random_forest,59824,500,120,1,3.469446951953614e-18,,,,
250,random_forest,59825,496,120,1,0.02811036285371918,,,,
251,random_forest,59824,500,120,1,0.0005681415532514338,,,,
252,random_forest,59825,500,120,1,0.0423639780842208,,,,
253,random_forest,59825,498,120,1,0.00012382249253079566,,,,
254,random_forest,59823,500,120,1,0.0005590804484891926,,,,
255,random_forest,59824,499,120,1,0.00021628378261197742,,,,
256,random_forest,59825,497,120,1,0.0004775195039859346,,,,
257,random_forest,59824,500,120,1,0.00027783509536355726,,,,
258,random_forest,59824,500,120,1,7.709041537724553e-05,,,,
259,random_forest,59827,499,120,1,0.0,,,,
260,random_forest,59827,499,120,1,0.00021851835209465355,,,,
261,random_forest,59827,500,120,1,3.469446951953614e-18,,,,
262,random_forest,59829,499,120,1,0.00030240286763678084,,,,
263,random_forest,59829,500,120,1,3.469446951953614e-18,,,,
264,random_forest,59831,498,120,1,0.0,,,,
265,random_forest,59831,500,120,1,0.0006866202804793114,,,,
266,random_forest,59832,499,120,1,0.0003673149412508874,,,,
267,random_forest,59831,499,120,1,0.0006582692237436529,,,,
268,random_forest,59832,498,120,1,0.0012715442511251223,,,,
269,random_forest,59832,498,120,1,0.0002842627903568758,,,,
270,random_forest,59833,499,120,1,0.00018157479960340952,,,,
271,random_forest,59832,500,120,1,0.00016192963786252582,,,,
272,random_forest,59835,500,120,1,0.0,,,,
273,random_forest,59837,499,120,1,6.938893903907228e-18,,,,
274,random_forest,59836,499,120,1,0.0036774698104886545,,,,
275,random_forest,59838,499,120,1,0.0032980382384423324,,,,
276,random_forest,59837,499,120,1,0.002275300587420637,,,,
277,random_forest,59838,500,120,1,0.0,,,,
278,random_forest,59839,500,120,1,6.938893903907228e-18,,,,
279,random_forest,59839,499,120,1,0.0,,,,
280,random_forest,59839,500,120,1,0.02948145858081595,,,,
281,random_forest,59839,500,120,1,0.0010196385430480026,,,,
282,random_forest,59841,500,120,1,0.004732649569910261,,,,
283,random_forest,59843,500,120,1,0.0038699379108599074,,,,
284,random_forest,59844,500,120,1,0.0027677912848063702,,,,
285,random_forest,59844,500,120,1,0.001061498425353846,,,,
286,random_forest,59846,498,120,1,0.0022553004262539232,,,,
287,random_forest,59847,499,120,1,0.0037345991385890186,,,,
288,random_forest,59846,499,120,1,0.004078872280146189,,,,
289,random_forest,59847,500,120,1,0.02131626140881901,,,,
290,random_forest,59848,499,120,1,0.00935022081957837,,,,
291,random_forest,59848,499,120,1,0.004488601140698693,,,,
292,random_forest,59848,500,120,1,0.0015306779916815709,,,,
293,random_forest,59848,499,120,1,0.002162492010490475,,,,
294,random_forest,59849,500,120,1,0.0005541493503473379,,,,
295,random_forest,59849,499,120,1,0.0022185715802084172,,,,
296,random_forest,59849,500,120,1,0.002005437948934102,,,,
297,random_forest,59851,500,120,1,0.001824837840032369,,,,
298,random_forest,59852,500,120,1,0.0007005002970817396,,,,
299,random_forest,59852,499,120,1,0.00433351601885543,,,,
