date,strategy,return_for_plot,wealth,cumulative_return
1999-12-31,Elastic Net,0.15577836709381476,1.1557783670938147,0.15577836709381465
2000-01-31,Elastic Net,-0.09085117663319496,1.0507745425161488,0.05077454251614877
2000-02-29,Elastic Net,0.25134089556969946,1.3148771570739988,0.31487715707399877
2000-03-31,Elastic Net,-0.16822110129334253,1.0936870736455513,0.09368707364555129
2000-04-28,Elastic Net,-0.13337088675647676,0.947821058799348,-0.05217894120065203
2000-05-31,Elastic Net,0.017918782036887425,0.9648048577619452,-0.035195142238054755
2000-06-30,Elastic Net,0.03829254281718624,1.001749689088024,0.0017496890880239757
2000-07-31,Elastic Net,-0.15688840271255788,0.8445867804492024,-0.15541321955079757
2000-08-31,Elastic Net,0.2079370827685612,1.0202076917207008,0.020207691720700804
2000-09-29,Elastic Net,-0.14472230996352187,0.8725608779323284,-0.1274391220676716
2000-10-31,Elastic Net,-0.0024394665239481626,0.8704322948805057,-0.12956770511949434
2000-11-30,Elastic Net,-0.1517804333481658,0.7383177039633041,-0.2616822960366959
2000-12-29,Elastic Net,0.05125881087069897,0.7761629915132479,-0.22383700848675214
2001-01-31,Elastic Net,0.3182260492220762,1.0231582738548968,0.02315827385489677
2001-02-28,Elastic Net,-0.12745594485867495,0.89275066932075,-0.10724933067925002
2001-03-30,Elastic Net,-0.08090989927741955,0.8205183025861592,-0.1794816974138408
2001-04-30,Elastic Net,0.1477992377391907,0.9417902822594483,-0.058209717740551725
2001-05-31,Elastic Net,0.08002044738932867,1.0171527619927714,0.01715276199277138
2001-06-29,Elastic Net,0.013382121428187737,1.0307644237647753,0.030764423764775284
2001-07-31,Elastic Net,-0.02241514103535154,1.007659693831865,0.007659693831864933
2001-08-31,Elastic Net,-0.06746583914942908,0.9396770870104414,-0.06032291298955861
2001-09-28,Elastic Net,-0.28685756779897514,0.6701236033142003,-0.3298763966857997
2001-10-31,Elastic Net,0.04696293112285981,0.7015945719404477,-0.2984054280595523
2001-11-30,Elastic Net,0.049740934145539914,0.7364925413402058,-0.2635074586597942
2001-12-31,Elastic Net,0.022597582438265578,0.7531354922583089,-0.2468645077416911
2002-01-31,Elastic Net,-0.03299320965321569,0.7282871350649527,-0.2717128649350473
2002-02-28,Elastic Net,-0.15751067968259616,0.6135741334167812,-0.38642586658321876
2002-03-28,Elastic Net,0.1583771817737451,0.710750275476599,-0.28924972452340103
2002-04-30,Elastic Net,-0.18450433841374914,0.5796137661223991,-0.4203862338776009
2002-05-31,Elastic Net,-0.016807045928009422,0.5698721709346735,-0.43012782906532654
2002-06-28,Elastic Net,-0.22396704281228813,0.4422395860294158,-0.5577604139705842
2002-07-31,Elastic Net,-0.007456383153762987,0.43894207823021897,-0.5610579217697811
2002-08-30,Elastic Net,0.11539065981601289,0.48959189425821587,-0.5104081057417842
2002-09-30,Elastic Net,-0.15343607777459978,0.41447083429299864,-0.5855291657070014
2002-10-31,Elastic Net,0.08583768446846961,0.45004805098842443,-0.5499519490115756
2002-11-29,Elastic Net,0.19340777453165586,0.5370908429624047,-0.4629091570375953
2002-12-31,Elastic Net,-0.02562131423897218,0.5233298696999905,-0.4766701303000095
2003-01-31,Elastic Net,0.009425294296734603,0.5282624077361847,-0.4717375922638153
2003-02-28,Elastic Net,-0.04167137037604242,0.5062489892876703,-0.49375101071232974
2003-03-31,Elastic Net,0.012649390517345666,0.5126527304521815,-0.4873472695478185
2003-04-30,Elastic Net,0.1622862118717757,0.5958492000829885,-0.4041507999170115
2003-05-30,Elastic Net,0.1295657878208239,0.6730508711141485,-0.3269491288858515
2003-06-30,Elastic Net,0.019513706237554912,0.6861845880960005,-0.31381541190399953
2003-07-31,Elastic Net,0.0423837045629228,0.7152676329534922,-0.28473236704650784
2003-08-29,Elastic Net,0.04459973169458353,0.7471683774730377,-0.25283162252696234
2003-09-30,Elastic Net,0.025043624362506824,0.7658801816540161,-0.23411981834598394
2003-10-31,Elastic Net,0.0724639431689643,0.8213788796116287,-0.1786211203883713
2003-11-28,Elastic Net,0.0564097000732692,0.8677126158570386,-0.13228738414296137
2003-12-31,Elastic Net,0.041282914279545536,0.9035343213967449,-0.09646567860325506
2004-01-30,Elastic Net,0.04374699786096243,0.9430612354221944,-0.056938764577805556
2004-02-27,Elastic Net,0.03152118353386088,0.972787641707607,-0.02721235829239299
2004-03-31,Elastic Net,-0.05948279687602165,0.9149235120124093,-0.08507648798759071
2004-04-30,Elastic Net,-0.07486915500952092,0.8464239617696969,-0.15357603823030308
2004-05-28,Elastic Net,0.035037933150323185,0.8760809079590153,-0.12391909204098472
2004-06-30,Elastic Net,-0.027969300885838322,0.8515775374439711,-0.14842246255602887
2004-07-30,Elastic Net,-0.06166615877275693,0.7990640218126378,-0.2009359781873622
2004-08-31,Elastic Net,0.008238032937748635,0.8056467375437003,-0.1943532624562997
2004-09-30,Elastic Net,0.027851667371413875,0.8280853424966323,-0.17191465750336765
2004-10-29,Elastic Net,0.057895651980367974,0.8760278832958611,-0.12397211670413888
2004-11-30,Elastic Net,0.053426827105339206,0.9228312735561655,-0.07716872644383455
2004-12-31,Elastic Net,0.09460691622262102,1.0101374945411083,0.01013749454110835
2005-01-31,Elastic Net,-0.07765769131498873,0.9316925488043389,-0.06830745119566106
2005-02-28,Elastic Net,0.008985406730362383,0.9400641853029938,-0.05993581469700615
2005-03-31,Elastic Net,-0.05255810116134546,0.8906561967536814,-0.10934380324631865
2005-04-29,Elastic Net,-0.03006530385485462,0.8638783475680727,-0.1361216524319273
2005-05-31,Elastic Net,0.024308834411222356,0.8848782232705453,-0.11512177672945467
2005-06-30,Elastic Net,-0.00284831138686057,0.8823578145512189,-0.11764218544878113
2005-07-29,Elastic Net,0.07109532520904113,0.9450893303274766,-0.05491066967252345
2005-08-31,Elastic Net,-0.008002024063461361,0.9375267027640755,-0.06247329723592454
2005-09-30,Elastic Net,-0.026559338596381803,0.912626613622215,-0.08737338637778502
2005-10-31,Elastic Net,-0.013903925405029658,0.8999375212637669,-0.10006247873623308
2005-11-30,Elastic Net,0.050328573667515676,0.9452300930988519,-0.054769906901148135
2005-12-30,Elastic Net,0.011286712073456441,0.9558986330028252,-0.04410136699717482
2006-01-31,Elastic Net,0.02613412816746017,0.9808802103928209,-0.019119789607179083
2006-02-28,Elastic Net,0.011298676396531575,0.9919628584738112,-0.00803714152618884
2006-03-31,Elastic Net,0.03072630150143351,1.0224422083415012,0.022442208341501235
2006-04-28,Elastic Net,0.019344566343977666,1.0422209094736465,0.04222090947364654
2006-05-31,Elastic Net,-0.03176603189791142,1.0091136868186366,0.009113686818636557
2006-06-30,Elastic Net,-0.027034445383311657,0.9818328579667859,-0.018167142033214123
2006-07-31,Elastic Net,-0.03357440357969089,0.9488684053456077,-0.05113159465439232
2006-08-31,Elastic Net,0.051808156567059685,0.9980275282512892,-0.0019724717487108467
2006-09-29,Elastic Net,0.019043183974026892,1.0170331500829217,0.017033150082921722
2006-10-31,Elastic Net,0.04028541001174151,1.0580047475295453,0.05800474752954532
2006-11-30,Elastic Net,0.033459770405105664,1.0934053434693956,0.09340534346939555
2006-12-29,Elastic Net,0.0009371945239725988,1.0944300769697775,0.09443007696977745
2007-01-31,Elastic Net,0.025078321192640248,1.1218765459629114,0.12187654596291142
2007-02-28,Elastic Net,0.006428504884044453,1.129088534817929,0.12908853481792892
2007-03-30,Elastic Net,-0.009678049613532328,1.1181611599598904,0.1181611599598904
2007-04-30,Elastic Net,0.02565763298863067,1.1468505286242827,0.14685052862428272
2007-05-31,Elastic Net,0.03281518917063927,1.184484645671536,0.1844846456715361
2007-06-29,Elastic Net,-0.016260961569805405,1.1652237863682466,0.16522378636824664
2007-07-31,Elastic Net,-0.06366952023751764,1.0910345469208367,0.09103454692083668
2007-08-31,Elastic Net,-0.017652610309441614,1.071774939229905,0.07177493922990497
2007-09-28,Elastic Net,-0.011365816437239329,1.0595933420085846,0.05959334200858457
2007-10-31,Elastic Net,-0.020544250944523276,1.0378247904912141,0.03782479049121412
2007-11-30,Elastic Net,-0.11452040824711672,0.9189726717951819,-0.08102732820481806
2007-12-31,Elastic Net,-0.06722288657770191,0.8571966761110867,-0.14280332388891326
2008-01-31,Elastic Net,0.07410583864754337,0.9207199546801853,-0.0792800453198147
2008-02-29,Elastic Net,-0.06412113253521123,0.8616823484383235,-0.13831765156167652
2008-03-31,Elastic Net,-0.07179833712216878,0.7998149886929267,-0.20018501130707334
2008-04-30,Elastic Net,0.06346072210182357,0.8505718254232416,-0.1494281745767584
2008-05-30,Elastic Net,0.05178034638999267,0.8946147291732254,-0.10538527082677462
2008-06-30,Elastic Net,-0.13433871659601965,0.7744333346081985,-0.22556666539180148
2008-07-31,Elastic Net,-0.018980218513634236,0.7597344206930925,-0.2402655793069075
2008-08-29,Elastic Net,0.020479188959354726,0.7752931654533922,-0.22470683454660778
2008-09-30,Elastic Net,-0.2567681362371856,0.5762225843224967,-0.42377741567750327
2008-10-31,Elastic Net,-0.1617084605475995,0.4830425172789465,-0.5169574827210535
2008-11-28,Elastic Net,-0.04510147941346174,0.46125658513006335,-0.5387434148699366
2008-12-31,Elastic Net,-0.02117903630959474,0.4514876151655541,-0.548512384834446
2009-01-30,Elastic Net,-0.08733515806873324,0.412056872928995,-0.5879431270710049
2009-02-27,Elastic Net,-0.15561793346758798,0.3479334338926683,-0.6520665661073317
2009-03-31,Elastic Net,0.09884639574317426,0.38232539979150454,-0.6176746002084954
2009-04-30,Elastic Net,0.1847331780912078,0.45295358595998075,-0.5470464140400193
2009-05-29,Elastic Net,0.23444975998747458,0.5591484454737642,-0.4408515545262358
2009-06-30,Elastic Net,-0.021591884299850164,0.5470753769326536,-0.4529246230673464
2009-07-31,Elastic Net,0.05884297864043678,0.5792669216522106,-0.4207330783477894
2009-08-31,Elastic Net,0.1355669936708009,0.6577963967535401,-0.34220360324645993
2009-09-30,Elastic Net,0.09248322839611677,0.7186315311526403,-0.28136846884735967
2009-10-30,Elastic Net,-0.10310745068876248,0.6445352659909296,-0.3554647340090704
2009-11-30,Elastic Net,0.0009642139705113041,0.6451567358988852,-0.3548432641011148
2009-12-31,Elastic Net,0.03878190347550744,0.6701771421570892,-0.32982285784291077
2010-01-29,Elastic Net,0.006824420397370826,0.6747507127158778,-0.32524928728412217
2010-02-26,Elastic Net,0.036351991060127785,0.6992792445923403,-0.30072075540765975
2010-03-31,Elastic Net,0.07458907253336206,0.751437834888313,-0.24856216511168705
2010-04-30,Elastic Net,0.03841537323771973,0.7803045997804915,-0.2196954002195085
2010-05-28,Elastic Net,-0.07717723513396756,0.720082848207116,-0.279917151792884
2010-06-30,Elastic Net,-0.07820760488691605,0.6637668933286888,-0.33623310667131123
2010-07-30,Elastic Net,0.08774592662372362,0.722009734445965,-0.27799026555403505
2010-08-31,Elastic Net,-0.07288824200628335,0.6693837141907751,-0.33061628580922486
2010-09-30,Elastic Net,0.08922642970286221,0.7291104331092592,-0.27088956689074084
2010-10-29,Elastic Net,0.028764091839294806,0.750082632568202,-0.24991736743179804
2010-11-30,Elastic Net,0.023357815121155055,0.7676029240253193,-0.23239707597468073
2010-12-31,Elastic Net,0.03978087440855522,0.7981388395416102,-0.20186116045838975
2011-01-31,Elastic Net,0.06144437859068739,0.8471799845663368,-0.1528200154336632
2011-02-28,Elastic Net,0.04304159501994088,0.8836439623710409,-0.11635603762895907
2011-03-31,Elastic Net,-0.0020600212084292626,0.881823637067856,-0.11817636293214395
2011-04-29,Elastic Net,0.015635290745684087,0.8956112060198286,-0.10438879398017142
2011-05-31,Elastic Net,-0.008147326049533075,0.8883143695107695,-0.11168563048923053
2011-06-30,Elastic Net,-0.061941402987582585,0.8332909311692426,-0.16670906883075742
2011-07-29,Elastic Net,-0.02672887786519991,0.8110179996438411,-0.18898200035615886
2011-08-31,Elastic Net,-0.11367989394731005,0.7188215594549697,-0.2811784405450303
2011-09-30,Elastic Net,-0.13180115315247568,0.6240800490079439,-0.3759199509920561
2011-10-31,Elastic Net,0.22597035922139963,0.7651036418651775,-0.23489635813482246
2011-11-30,Elastic Net,-0.05824177664944802,0.7205426464419865,-0.2794573535580135
2011-12-30,Elastic Net,-0.047390775451156976,0.6863955716814719,-0.3136044283185281
2012-01-31,Elastic Net,0.16199543480442785,0.7975885207638458,-0.2024114792361542
2012-02-29,Elastic Net,0.09638279316423486,0.8744623301907957,-0.12553766980920433
2012-03-30,Elastic Net,-0.05166177300686154,0.8292860557854276,-0.17071394421457242
2012-04-30,Elastic Net,-0.04064774666114386,0.7955774462802423,-0.2044225537197577
2012-05-31,Elastic Net,-0.16066717909731698,0.6677542622329485,-0.33224573776705146
2012-06-29,Elastic Net,0.015073601239350564,0.6778197237077248,-0.3221802762922752
2012-07-31,Elastic Net,-0.07057270904409176,0.6299841495621529,-0.3700158504378471
2012-08-31,Elastic Net,0.06788072584495337,0.6727479309052475,-0.32725206909475246
2012-09-28,Elastic Net,0.03520606518218153,0.6964327384118755,-0.3035672615881245
2012-10-31,Elastic Net,-0.02554774857679877,0.6786404499102774,-0.3213595500897226
2012-11-30,Elastic Net,0.05297880402166017,0.7145940093072453,-0.28540599069275474
2012-12-31,Elastic Net,0.0704183158427477,0.7649145159539782,-0.2350854840460218
2013-01-31,Elastic Net,0.16447133241110679,0.8907210255735258,-0.10927897442647416
2013-02-28,Elastic Net,-0.010541443656023962,0.8813315400692067,-0.11866845993079334
2013-03-28,Elastic Net,0.05074587057161119,0.9260554763322375,-0.0739445236677625
2013-04-30,Elastic Net,0.01278773605935573,0.9378976293398952,-0.06210237066010482
2013-05-31,Elastic Net,0.017609068714481292,0.9544131331420904,-0.04558686685790958
2013-06-28,Elastic Net,-0.04316233836303758,0.9132184305512846,-0.0867815694487154
2013-07-31,Elastic Net,0.07778580887903469,0.9842538648549588,-0.015746135145041196
2013-08-30,Elastic Net,-0.01241435799282405,0.9720349850208286,-0.027965014979171365
2013-09-30,Elastic Net,0.040468729210609254,1.011372005612875,0.011372005612874991
2013-10-31,Elastic Net,0.03634231553565809,1.0481276061647895,0.048127606164789505
2013-11-29,Elastic Net,0.027569938802618786,1.077024420124088,0.07702442012408794
2013-12-31,Elastic Net,0.046927399231149365,1.1275663750689482,0.1275663750689482
2014-01-31,Elastic Net,-0.023793472746286293,1.1007376552541164,0.10073765525411638
2014-02-28,Elastic Net,-0.007758276329312502,1.0921978283585754,0.09219782835857537
2014-03-31,Elastic Net,-0.05262555181880245,1.0347203149459077,0.03472031494590766
2014-04-30,Elastic Net,-0.04914262811181303,0.9838714393087828,-0.016128560691217153
2014-05-30,Elastic Net,-0.02196784508784465,0.9622579039436927,-0.037742096056307295
2014-06-30,Elastic Net,0.04545076232103469,1.0059932592273746,0.005993259227374592
2014-07-31,Elastic Net,0.018647510186843574,1.024752528776713,0.024752528776712968
2014-08-29,Elastic Net,0.06338263583364195,1.089704045127771,0.08970404512777108
2014-09-30,Elastic Net,-0.023318395494774994,1.0642938952312255,0.06429389523122553
2014-10-31,Elastic Net,0.0724133300090753,1.1413629602932485,0.14136296029324846
2014-11-28,Elastic Net,0.027589428914024897,1.17285251255136,0.17285251255136003
2014-12-31,Elastic Net,0.04723042094767289,1.2282468304286964,0.22824683042869642
2015-01-30,Elastic Net,-0.015739634723249425,1.2089146739677599,0.20891467396775987
2015-02-27,Elastic Net,0.08542062891601088,1.3121809257238801,0.3121809257238801
2015-03-31,Elastic Net,-0.02245969094202123,1.2827097476721063,0.2827097476721063
2015-04-30,Elastic Net,0.07405049274820756,1.3776950365401548,0.3776950365401548
2015-05-29,Elastic Net,-0.05686257448631055,1.2993557499054698,0.29935574990546976
2015-06-30,Elastic Net,-0.03118903239270668,1.2588301013320184,0.25883010133201845
2015-07-31,Elastic Net,-0.11434135760737425,1.1148937585486869,0.11489375854868689
2015-08-31,Elastic Net,-0.08301053724912104,1.0223458286758687,0.02234582867586865
2015-09-30,Elastic Net,-0.11871755749534019,0.90097542897992,-0.09902457102008
2015-10-30,Elastic Net,0.10724537373191567,0.9976008755841446,-0.002399124415855436
2015-11-30,Elastic Net,0.04203352323058248,1.03953355516286,0.039533555162859946
2015-12-31,Elastic Net,-0.048727521178273,0.9888796618381364,-0.011120338161863641
2016-01-29,Elastic Net,-0.15862360905860343,0.8320200009527199,-0.16797999904728012
2016-02-29,Elastic Net,0.06417800730807857,0.8854173866543311,-0.11458261334566888
2016-03-31,Elastic Net,0.12887730615118595,0.9995275942657642,-0.00047240573423579235
2016-04-29,Elastic Net,0.0656970426282926,1.0651936012343968,0.06519360123439677
2016-05-31,Elastic Net,0.003626534565511326,1.069056562648235,0.0690565626482349
2016-06-30,Elastic Net,0.018158548950133146,1.088469078571544,0.08846907857154407
2016-07-29,Elastic Net,0.06489577219738445,1.1591061199384198,0.15910611993841983
2016-08-31,Elastic Net,0.04311093698898252,1.2090762708386291,0.20907627083862912
2016-09-30,Elastic Net,0.0007869636068734724,1.2100277698617135,0.21002776986171345
2016-10-31,Elastic Net,-0.0376610268057471,1.164456881585253,0.16445688158525296
2016-11-30,Elastic Net,0.030869261683433544,1.200402805781983,0.2004028057819831
2016-12-30,Elastic Net,0.0030182926359545526,1.204025972730854,0.204025972730854
2017-01-31,Elastic Net,-0.0023363561982457266,1.2012129391866155,0.20121293918661554
2017-02-28,Elastic Net,0.004693133461448084,1.2068503918258366,0.20685039182583664
2017-03-31,Elastic Net,-0.008080539497602733,1.1970983895669907,0.19709838956699066
2017-04-28,Elastic Net,0.003534794155890311,1.2013298859584578,0.2013298859584578
2017-05-31,Elastic Net,-0.04786964866574268,1.1438226463859698,0.14382264638596975
2017-06-30,Elastic Net,0.047156564794230624,1.1977613931233781,0.19776139312337815
2017-07-31,Elastic Net,-0.011342374350987743,1.1841759350194123,0.18417593501941232
2017-08-31,Elastic Net,-0.04181460395136721,1.1346600872878356,0.13466008728783563
2017-09-29,Elastic Net,0.018369987223247383,1.155503778594042,0.15550377859404207
2017-10-31,Elastic Net,-0.015488972112757203,1.1376062127912134,0.13760621279121343
2017-11-30,Elastic Net,0.11581174364341676,1.2693543718741476,0.26935437187414757
2017-12-29,Elastic Net,0.022862885001221297,1.2983754749041039,0.2983754749041039
2018-01-31,Elastic Net,0.041397770466988365,1.352125324794151,0.35212532479415093
2018-02-28,Elastic Net,-0.04145915566758007,1.296067350471433,0.29606735047143307
2018-03-29,Elastic Net,0.008788804103213768,1.3074582325192978,0.3074582325192978
2018-04-30,Elastic Net,0.025841892440447607,1.3412454275344392,0.3412454275344392
2018-05-31,Elastic Net,0.016643459218884007,1.3635683911101233,0.3635683911101233
2018-06-29,Elastic Net,0.008236897953420893,1.3747999648002076,0.3747999648002076
2018-07-31,Elastic Net,0.003840148244966978,1.380079400472216,0.3800794004722159
2018-08-31,Elastic Net,0.018879870818696916,1.4061351212726763,0.40613512127267626
2018-09-28,Elastic Net,-0.010020928181395163,1.3920443422090654,0.39204434220906537
2018-10-31,Elastic Net,-0.0879429541396212,1.2696238504618544,0.26962385046185444
2018-11-30,Elastic Net,0.06247501568491447,1.3489436204334004,0.34894362043340044
2018-12-31,Elastic Net,-0.1253284525786615,1.179882603868625,0.17988260386862498
2019-01-31,Elastic Net,0.15825543418115276,1.3666054376266434,0.36660543762664344
2019-02-28,Elastic Net,0.03573422896394422,1.415440029238165,0.41544002923816503
2019-03-29,Elastic Net,-0.006291508230522079,1.4065347766444027,0.40653477664440274
2019-04-30,Elastic Net,0.05578966762557315,1.4850048843372037,0.4850048843372037
2019-05-31,Elastic Net,-0.09742544467724731,1.3403276231327674,0.34032762313276743
2019-06-28,Elastic Net,0.16796524521464073,1.5654560810202194,0.5654560810202194
2019-07-31,Elastic Net,0.006823800829093377,1.5761384415237942,0.5761384415237942
2019-08-30,Elastic Net,-0.10543026104359611,1.409965754193094,0.4099657541930939
2019-09-30,Elastic Net,0.0213724877624988,1.4401002300201282,0.4401002300201282
2019-10-31,Elastic Net,0.061335304590209964,1.528429216268844,0.528429216268844
2019-11-29,Elastic Net,0.09249806797193436,1.6698059658055697,0.6698059658055697
2019-12-31,Elastic Net,0.047385591705182625,1.7489307095281106,0.7489307095281106
2020-01-31,Elastic Net,-0.0008011288477264202,1.747529590684033,0.7475295906840329
2020-02-28,Elastic Net,-0.13215894196838845,1.5165779289207804,0.5165779289207804
2020-03-31,Elastic Net,-0.3336430397746435,1.010582258660518,0.010582258660517985
2020-04-30,Elastic Net,0.17925501425687093,1.19173419584445,0.19173419584445006
2020-05-29,Elastic Net,0.01203441230130911,1.2060760165108113,0.2060760165108113
2020-06-30,Elastic Net,0.13169539801653382,1.3649106775433983,0.36491067754339834
2020-07-31,Elastic Net,-0.03137563959178667,1.3220857320498154,0.3220857320498154
2020-08-31,Elastic Net,0.06375447709188721,1.4063746165672963,0.40637461656729634
2020-09-30,Elastic Net,-0.011974449818156775,1.3895340542956818,0.3895340542956818
2020-10-30,Elastic Net,-0.05571242754475318,1.3121197389747665,0.3121197389747665
2020-11-30,Elastic Net,0.252476000372717,1.6433984826812091,0.6433984826812091
2020-12-31,Elastic Net,0.051026537488057994,1.7272554169655596,0.7272554169655596
2021-01-29,Elastic Net,0.13721094942096185,1.9642537726199034,0.9642537726199034
2021-02-26,Elastic Net,-0.06281927325238965,1.8408607781406565,0.8408607781406565
2021-03-31,Elastic Net,-0.028386719900294146,1.78860477885614,0.7886047788561401
2021-04-30,Elastic Net,0.013510677852431645,1.8127700418285853,0.8127700418285853
2021-05-28,Elastic Net,0.013831019261557402,1.8378424991938906,0.8378424991938906
2021-06-30,Elastic Net,0.05737372219633288,1.943286364183255,0.943286364183255
2021-07-30,Elastic Net,-0.06408741550169854,1.8187461635230577,0.8187461635230577
2021-08-31,Elastic Net,0.10176258115204423,2.0038264675835418,1.0038264675835418
2021-09-30,Elastic Net,-0.05047960618626687,1.9026740966343063,0.9026740966343063
2021-10-29,Elastic Net,0.05291589885381852,2.003355806683588,1.003355806683588
2021-11-30,Elastic Net,0.05088806891461606,2.1053027150345986,1.1053027150345986
2021-12-31,Elastic Net,0.019429730623262864,2.146208179668145,1.146208179668145
2022-01-31,Elastic Net,-0.15615827259500212,1.8110600177019034,0.8110600177019034
2022-02-28,Elastic Net,0.06350769440416057,1.9260762638537094,0.9260762638537094
2022-03-31,Elastic Net,0.032767029270296864,1.989188061168228,0.989188061168228
2022-04-29,Elastic Net,-0.11000027779746735,1.7703768218483174,0.7703768218483174
2022-05-31,Elastic Net,0.04095190056645775,1.8428771174218113,0.8428771174218113
2022-06-30,Elastic Net,-0.15500103559371653,1.5572292557494674,0.5572292557494674
2022-07-29,Elastic Net,0.1886760977815713,1.8510411950755774,0.8510411950755774
2022-08-31,Elastic Net,-0.011322478626873586,1.8300828207068716,0.8300828207068716
2022-09-30,Elastic Net,-0.10246099909191604,1.6425707064762936,0.6425707064762936
2022-10-31,Elastic Net,0.019884159907927204,1.675231845063945,0.675231845063945
2022-11-30,Elastic Net,0.06066362065142586,1.7768574742160925,0.7768574742160925
2022-12-30,Elastic Net,-0.12981000754764344,1.546203592077015,0.546203592077015
2023-01-31,Elastic Net,0.10311951141196571,1.7056473510354229,0.7056473510354229
2023-02-28,Elastic Net,-0.024888562845360476,1.6631962397471551,0.6631962397471551
2023-03-31,Elastic Net,-0.03223181351299933,1.609588408712103,0.6095884087121031
2023-04-28,Elastic Net,-0.048048119585563986,1.5322507123667664,0.5322507123667664
2023-05-31,Elastic Net,-0.009082057574565816,1.518334723178382,0.5183347231783819
2023-06-30,Elastic Net,0.06885383368040886,1.6228778896792957,0.6228778896792957
2023-07-31,Elastic Net,0.03367634213851511,1.677530480741167,0.6775304807411671
2023-08-31,Elastic Net,-0.025814421127275437,1.6342260024574737,0.6342260024574737
2023-09-29,Elastic Net,-0.11961760945319508,1.4387437947372594,0.43874379473725944
2023-10-31,Elastic Net,-0.09170675166848709,1.3068012748387128,0.3068012748387128
2023-11-30,Elastic Net,0.15281830786851325,1.5065044343799807,0.5065044343799807
2023-12-29,Elastic Net,0.15768193206565226,1.7440529642584885,0.7440529642584885
2024-01-31,Elastic Net,-0.06419270803563883,1.632097481525153,0.632097481525153
2024-02-29,Elastic Net,0.02541168097244759,1.6735718220416054,0.6735718220416054
2024-03-28,Elastic Net,0.045030131523985835,1.7489329813029755,0.7489329813029755
2024-04-30,Elastic Net,-0.09766983423002937,1.5781149869396827,0.5781149869396827
2024-05-31,Elastic Net,0.04574613839361867,1.650307653533269,0.650307653533269
2024-06-28,Elastic Net,0.039232005344917456,1.7150525322174446,0.7150525322174446
2024-07-31,Elastic Net,0.06336373809399645,1.823724671686316,0.823724671686316
2024-08-30,Elastic Net,0.00656875952230465,1.8357042804895176,0.8357042804895176
2024-09-30,Elastic Net,0.056625813402430385,1.93965252853856,0.93965252853856
2024-10-31,Elastic Net,-0.03243592172875036,1.8767381109419106,0.8767381109419106
2024-11-29,Elastic Net,0.047289023566075304,1.965487223697594,0.965487223697594
1999-12-31,Random Forest,-0.023432569080160295,0.9765674309198397,-0.023432569080160337
2000-01-31,Random Forest,-0.025946605063886397,0.9512288214715084,-0.048771178528491554
2000-02-29,Random Forest,0.10664677411925676,1.0526743067307072,0.052674306730707166
2000-03-31,Random Forest,-0.09206264464181745,0.9557623261065865,-0.04423767389341349
2000-04-28,Random Forest,-0.013723696677404522,0.9426457338474091,-0.05735426615259087
2000-05-31,Random Forest,-0.020652569350050297,0.9231776774565964,-0.0768223225434036
2000-06-30,Random Forest,0.019195284716513078,0.940898335819305,-0.05910166418069496
2000-07-31,Random Forest,-0.036377002713720824,0.9066712745038707,-0.09332872549612925
2000-08-31,Random Forest,0.08133758757290759,0.9804177286936692,-0.019582271306330834
2000-09-29,Random Forest,-0.08390571696740548,0.8981550762400716,-0.10184492375992837
2000-10-31,Random Forest,-0.017453825918734272,0.88247883389135,-0.11752116610865004
2000-11-30,Random Forest,-0.17516992473882043,0.7278950829750002,-0.27210491702499984
2000-12-29,Random Forest,0.043676768903018706,0.7596871882997428,-0.2403128117002572
2001-01-31,Random Forest,0.21209205279033616,0.920810803544754,-0.07918919645524602
2001-02-28,Random Forest,-0.18840689766286575,0.7473236967144363,-0.2526763032855637
2001-03-30,Random Forest,-0.02344577321729506,0.729802114801359,-0.27019788519864096
2001-04-30,Random Forest,0.18761302900842577,0.8667225001359968,-0.13327749986400317
2001-05-31,Random Forest,-0.0034846598886921452,0.863702267005146,-0.13629773299485404
2001-06-29,Random Forest,-0.030700928679977757,0.8371858053050859,-0.1628141946949141
2001-07-31,Random Forest,-0.019325706783389004,0.8210065979085445,-0.17899340209145553
2001-08-31,Random Forest,-0.020354920078225584,0.8042950742244201,-0.19570492577557985
2001-09-28,Random Forest,-0.26591757352300366,0.5904188796901582,-0.40958112030984184
2001-10-31,Random Forest,-0.02539755174149695,0.5754236856440708,-0.42457631435592924
2001-11-30,Random Forest,0.2730011669428931,0.7325150233114825,-0.26748497668851745
2001-12-31,Random Forest,0.006863872570332135,0.7375429130873464,-0.26245708691265357
2002-01-31,Random Forest,-0.005147198078829251,0.7337466336220492,-0.26625336637795083
2002-02-28,Random Forest,-0.04424193464839042,0.701284263008866,-0.29871573699113396
2002-03-28,Random Forest,0.02558843478563638,0.7192290296390614,-0.28077097036093857
2002-04-30,Random Forest,-0.05894571171482835,0.6768335626010216,-0.32316643739897843
2002-05-31,Random Forest,0.00832091785417062,0.6824654390763703,-0.31753456092362975
2002-06-28,Random Forest,-0.03508012822303961,0.6585244639657781,-0.34147553603422187
2002-07-31,Random Forest,-0.06342398709698398,0.6167582168601643,-0.3832417831398357
2002-08-30,Random Forest,0.00575102993303057,0.6203052118267697,-0.3796947881732303
2002-09-30,Random Forest,-0.1708023878802343,0.5143556004322029,-0.48564439956779715
2002-10-31,Random Forest,0.12820409011876366,0.5802980921831038,-0.4197019078168962
2002-11-29,Random Forest,0.10310998516939393,0.6401326198619313,-0.35986738013806874
2002-12-31,Random Forest,-0.11354075079954663,0.5674514815915268,-0.4325485184084732
2003-01-31,Random Forest,-0.032762766455498166,0.5488602012253172,-0.4511397987746828
2003-02-28,Random Forest,-0.04180083556323464,0.5259173862066938,-0.4740826137933062
2003-03-31,Random Forest,0.025292242995219563,0.5392190165340442,-0.46078098346595575
2003-04-30,Random Forest,0.0800256092837856,0.5823703468695849,-0.4176296531304151
2003-05-30,Random Forest,0.07441934364927014,0.6257099658444172,-0.3742900341555828
2003-06-30,Random Forest,0.01368607511101121,0.6342734794346722,-0.36572652056532784
2003-07-31,Random Forest,0.06273777233585638,0.6740663845861161,-0.3259336154138839
2003-08-29,Random Forest,0.04223818255470232,0.7025377235922526,-0.29746227640774736
2003-09-30,Random Forest,-0.014506139267468753,0.692346613533173,-0.30765338646682705
2003-10-31,Random Forest,0.05198504611358357,0.7283382841642784,-0.27166171583572163
2003-11-28,Random Forest,0.04685691210575432,0.7624659671286198,-0.2375340328713802
2003-12-31,Random Forest,0.0253686208548434,0.7818086771634273,-0.21819132283657272
2004-01-30,Random Forest,0.0018850564396561812,0.7832824306448933,-0.21671756935510667
2004-02-27,Random Forest,0.022360303004949924,0.8007968631325668,-0.19920313686743318
2004-03-31,Random Forest,-0.02063386419179483,0.7842733294134742,-0.21572667058652584
2004-04-30,Random Forest,-0.032380740230665866,0.758877978463897,-0.24112202153610296
2004-05-28,Random Forest,0.02980426622395739,0.7814957797655337,-0.21850422023446625
2004-06-30,Random Forest,0.029829552919497283,0.8048074494844134,-0.1951925505155866
2004-07-30,Random Forest,-0.09290460668266619,0.7300371299347842,-0.2699628700652158
2004-08-31,Random Forest,0.022536708328589557,0.7464897638011649,-0.25351023619883506
2004-09-30,Random Forest,0.024772017983281613,0.764981821654383,-0.235018178345617
2004-10-29,Random Forest,0.03835459944550987,0.7943223930070333,-0.20567760699296667
2004-11-30,Random Forest,0.039658642739890296,0.8258241410115941,-0.17417585898840593
2004-12-31,Random Forest,0.058423639029896376,0.8740717925282298,-0.12592820747177025
2005-01-31,Random Forest,-0.10868703457405732,0.7790715213935058,-0.22092847860649423
2005-02-28,Random Forest,0.007191644972229421,0.7846743271833424,-0.2153256728166576
2005-03-31,Random Forest,-0.0251876347994687,0.7649102367937295,-0.2350897632062705
2005-04-29,Random Forest,-0.0310203896696597,0.7411824231860763,-0.2588175768139237
2005-05-31,Random Forest,0.046404115694158296,0.7755763381020796,-0.2244236618979204
2005-06-30,Random Forest,0.018926536675828966,0.7902553121100737,-0.20974468788992628
2005-07-29,Random Forest,0.03942968920580471,0.8214148334598101,-0.17858516654018985
2005-08-31,Random Forest,-0.030508570276559583,0.796354641286993,-0.20364535871300704
2005-09-30,Random Forest,0.004748238816402559,0.8001359233063743,-0.19986407669362571
2005-10-31,Random Forest,-0.03155688727263248,0.7748861241718114,-0.22511387582818865
2005-11-30,Random Forest,0.048081518410502046,0.812143825617221,-0.18785617438277902
2005-12-30,Random Forest,0.02850697164721565,0.8352955866275524,-0.16470441337244757
2006-01-31,Random Forest,0.04315366457553318,0.8713416521943012,-0.12865834780569885
2006-02-28,Random Forest,-0.01410078205338685,0.8590550534626713,-0.1409449465373287
2006-03-31,Random Forest,0.035365251827256125,0.8894357517618555,-0.11056424823814448
2006-04-28,Random Forest,0.0306630288307083,0.9167085458611921,-0.0832914541388079
2006-05-31,Random Forest,-0.03175832092635014,0.8875954216658046,-0.11240457833419537
2006-06-30,Random Forest,-0.0012416712027205645,0.8864933199910556,-0.11350668000894437
2006-07-31,Random Forest,-0.016662292331407334,0.8717223091435248,-0.12827769085647522
2006-08-31,Random Forest,0.03567775157824043,0.9028234011343577,-0.09717659886564234
2006-09-29,Random Forest,-0.0074754493284301705,0.8960743905466568,-0.10392560945334317
2006-10-31,Random Forest,0.03125475687417451,0.9240809777643667,-0.0759190222356333
2006-11-30,Random Forest,0.022435091702592492,0.9448128192411315,-0.055187180758868526
2006-12-29,Random Forest,-0.0022859207966871103,0.9426530519686516,-0.05734694803134843
2007-01-31,Random Forest,0.03901288319007808,0.9794286653738751,-0.020571334626124926
2007-02-28,Random Forest,-0.002495670092969299,0.9769843345455047,-0.023015665454495293
2007-03-30,Random Forest,0.0160581998966728,0.9926729442855544,-0.007327055714445585
2007-04-30,Random Forest,0.05085881712731683,1.0431591160262086,0.04315911602620859
2007-05-31,Random Forest,0.036998785230233436,1.0817547361210225,0.08175473612102246
2007-06-29,Random Forest,-0.022597447369214083,1.0573098404051295,0.05730984040512954
2007-07-31,Random Forest,-0.025505498847708946,1.0303426254890051,0.030342625489005126
2007-08-31,Random Forest,0.011668380746996108,1.0423650555430706,0.04236505554307057
2007-09-28,Random Forest,0.05215170929819564,1.0967261749023502,0.09672617490235025
2007-10-31,Random Forest,0.03157422921623254,1.131354458536159,0.131354458536159
2007-11-30,Random Forest,-0.07500967826290836,1.0464919246000548,0.0464919246000548
2007-12-31,Random Forest,-0.004667984708884685,1.0416069162980506,0.04160691629805058
2008-01-31,Random Forest,0.03930678959121707,1.0825491401937346,0.0825491401937346
2008-02-29,Random Forest,0.01644308779378689,1.1003495907470286,0.10034959074702865
2008-03-31,Random Forest,-0.010353265731406706,1.08895737903658,0.08895737903658008
2008-04-30,Random Forest,0.07951910746611159,1.1755502978862051,0.17555029788620513
2008-05-30,Random Forest,0.037671128996930994,1.2198346048002568,0.21983460480025685
2008-06-30,Random Forest,0.02252659959571742,1.2473133305155923,0.24731333051559234
2008-07-31,Random Forest,0.0055399408652421454,1.2542233726070768,0.25422337260707684
2008-08-29,Random Forest,-0.04595996435380135,1.196579311110351,0.1965793111103511
2008-09-30,Random Forest,-0.08892487334585644,1.090173647421591,0.09017364742159106
2008-10-31,Random Forest,-0.13464120030627033,0.9433913589904832,-0.05660864100951679
2008-11-28,Random Forest,-0.04435589665006974,0.9015463893705324,-0.09845361062946756
2008-12-31,Random Forest,-0.043217827533788694,0.8625835130010069,-0.13741648699899311
2009-01-30,Random Forest,-0.1092662599138885,0.7683322386720038,-0.23166776132799616
2009-02-27,Random Forest,-0.10516963998908967,0.6875270137388578,-0.31247298626114217
2009-03-31,Random Forest,0.1603035924126281,0.7977400639219231,-0.2022599360780769
2009-04-30,Random Forest,0.18251566834513977,0.9433401248543273,-0.05665987514567272
2009-05-29,Random Forest,0.23062134913036364,1.160894497137038,0.16089449713703807
2009-06-30,Random Forest,0.09640511325120046,1.2728106626062297,0.27281066260622966
2009-07-31,Random Forest,0.08117584298384957,1.3761321411021226,0.37613214110212256
2009-08-31,Random Forest,0.05802003399371276,1.4559753747087083,0.4559753747087083
2009-09-30,Random Forest,0.003038432137618624,1.4603992570788047,0.4603992570788047
2009-10-30,Random Forest,-0.06508114971925981,1.3653547943789632,0.36535479437896323
2009-11-30,Random Forest,0.0481195086291677,1.4310549961889572,0.43105499618895715
2009-12-31,Random Forest,0.0407145028661647,1.4893196889329317,0.48931968893293165
2010-01-29,Random Forest,-0.03783093719316274,1.4329773293203691,0.43297732932036914
2010-02-26,Random Forest,0.041754477763407,1.4928105493529427,0.49281054935294266
2010-03-31,Random Forest,0.047722429021553,1.564051094837064,0.5640510948370641
2010-04-30,Random Forest,0.025086905852996146,1.6032882974025169,0.6032882974025169
2010-05-28,Random Forest,-0.08695940959227438,1.4638672936541912,0.4638672936541912
2010-06-30,Random Forest,-0.05905103426249014,1.3774244159408788,0.37742441594087883
2010-07-30,Random Forest,0.08167935686373509,1.4899315563633357,0.48993155636333574
2010-08-31,Random Forest,0.002896850234021905,1.4942476649410634,0.4942476649410634
2010-09-30,Random Forest,0.1024497104775499,1.6473329055960304,0.6473329055960304
2010-10-29,Random Forest,0.028287755248999458,1.6939322556431542,0.6939322556431542
2010-11-30,Random Forest,0.05240017727237253,1.7826946061262454,0.7826946061262454
2010-12-31,Random Forest,0.0716992639984717,1.9105124973195426,0.9105124973195426
2011-01-31,Random Forest,0.008462487167134623,1.9266801848107595,0.9266801848107595
2011-02-28,Random Forest,0.043907725865525375,2.01127633019597,1.0112763301959702
2011-03-31,Random Forest,0.010991448224788059,2.0333831698450613,1.0333831698450613
2011-04-29,Random Forest,0.007880507192909477,2.0494072605409666,1.0494072605409666
2011-05-31,Random Forest,0.019408431625345154,2.0891830412296617,1.0891830412296617
2011-06-30,Random Forest,-0.03431072009047271,2.017501666684268,1.017501666684268
2011-07-29,Random Forest,0.030317175844891374,2.0786666194804964,1.0786666194804964
2011-08-31,Random Forest,-0.04471605809342484,1.9857168421669436,0.9857168421669436
2011-09-30,Random Forest,-0.028014292409670166,1.930088389907672,0.930088389907672
2011-10-31,Random Forest,0.05885549578368714,2.0436846990020263,1.0436846990020263
2011-11-30,Random Forest,-0.04692060345276384,1.9477937796576712,0.9477937796576712
2011-12-30,Random Forest,-0.05639691018921693,1.8379442287992023,0.8379442287992023
2012-01-31,Random Forest,0.09580420481097508,2.014027014126231,1.0140270141262309
2012-02-29,Random Forest,0.07089356940608596,2.156808578037921,1.156808578037921
2012-03-30,Random Forest,-0.020149585578934717,2.113349779017365,1.1133497790173652
2012-04-30,Random Forest,-0.028600221139577713,2.052907507992191,1.0529075079921908
2012-05-31,Random Forest,-0.13081015645067276,1.7843663556929716,0.7843663556929716
2012-06-29,Random Forest,0.03664395338317493,1.8497525932494905,0.8497525932494905
2012-07-31,Random Forest,-0.046619770922881686,1.7635175510881929,0.7635175510881929
2012-08-31,Random Forest,0.06657689049363646,1.8809270659705977,0.8809270659705977
2012-09-28,Random Forest,0.019001520768408515,1.9166675406784994,0.9166675406784994
2012-10-31,Random Forest,-0.009930568199250542,1.8976339429505018,0.8976339429505018
2012-11-30,Random Forest,-0.020311964970419163,1.8590892687746128,0.8590892687746128
2012-12-31,Random Forest,0.030979515569113675,1.9166829537209882,0.9166829537209882
2013-01-31,Random Forest,0.10900694275973995,2.125614702745821,1.1256147027458212
2013-02-28,Random Forest,0.034363002111293846,2.198657205264073,1.1986572052640732
2013-03-28,Random Forest,0.03923424905279194,2.284919869637119,1.2849198696371191
2013-04-30,Random Forest,0.011086720709126993,2.310252138074521,1.310252138074521
2013-05-31,Random Forest,0.019399227454982446,2.3550692447793877,1.3550692447793877
2013-06-28,Random Forest,-0.0017402212371549596,2.350970903264652,1.3509709032646522
2013-07-31,Random Forest,0.05030285365077655,2.469231448548808,1.469231448548808
2013-08-30,Random Forest,-0.008198768001351563,2.448986792760515,1.4489867927605151
2013-09-30,Random Forest,0.05105703046554476,2.5740247860482053,1.5740247860482053
2013-10-31,Random Forest,0.022098702123713742,2.630907393054141,1.630907393054141
2013-11-29,Random Forest,0.02917445376305021,2.707662679147666,1.7076626791476661
2013-12-31,Random Forest,0.012384409104744094,2.741195481483878,1.741195481483878
2014-01-31,Random Forest,-0.016792505289440356,2.69516394186167,1.69516394186167
2014-02-28,Random Forest,0.057384866880129705,2.849825565885528,1.8498255658855278
2014-03-31,Random Forest,-0.0014894415780863776,2.8455809171974042,1.8455809171974042
2014-04-30,Random Forest,-0.029245284866429487,2.7623610926634905,1.7623610926634905
2014-05-30,Random Forest,0.03528248057560516,2.8598240442581973,1.8598240442581973
2014-06-30,Random Forest,0.013549181992688437,2.898572320700918,1.898572320700918
2014-07-31,Random Forest,-0.025954983249776995,2.8233399246688586,1.8233399246688586
2014-08-29,Random Forest,0.04122798674983986,2.9397405456734007,1.9397405456734007
2014-09-30,Random Forest,-0.04431069099336222,2.8094786107534087,1.8094786107534087
2014-10-31,Random Forest,0.04350120208055558,2.9316943075407913,1.9316943075407913
2014-11-28,Random Forest,0.027856037177612064,3.013359693165041,2.013359693165041
2014-12-31,Random Forest,0.023162342317580367,3.0831561619041286,2.0831561619041286
2015-01-30,Random Forest,0.0004900107994486361,3.084666941719848,2.084666941719848
2015-02-27,Random Forest,0.04566390370774035,3.225524875916993,2.225524875916993
2015-03-31,Random Forest,0.0038522420373786805,3.2379503784366115,2.2379503784366115
2015-04-30,Random Forest,0.010249854750300205,3.2711388995042667,2.2711388995042667
2015-05-29,Random Forest,-0.05080632258622521,3.1049443613517034,2.1049443613517034
2015-06-30,Random Forest,-0.01738524307253416,3.0509641489029096,2.0509641489029096
2015-07-31,Random Forest,0.04515679624014344,3.1887359153109007,2.1887359153109007
2015-08-31,Random Forest,-0.06761295228416767,2.9731360660221733,1.9731360660221733
2015-09-30,Random Forest,-0.017707749050678866,2.92048851867153,1.92048851867153
2015-10-30,Random Forest,0.0478246758344705,3.060159935355289,2.060159935355289
2015-11-30,Random Forest,-0.011346726258435729,3.02543713826178,2.02543713826178
2015-12-31,Random Forest,0.010560372811724499,3.0573868823602615,2.0573868823602615
2016-01-29,Random Forest,-0.05046514745748969,2.9030954025073563,1.9030954025073563
2016-02-29,Random Forest,0.04818641308257364,3.042985156790696,2.042985156790696
2016-03-31,Random Forest,0.11371308077456042,3.3890123737206244,2.3890123737206244
2016-04-29,Random Forest,0.14746205118890898,3.8887630898540615,2.8887630898540615
2016-05-31,Random Forest,-0.012561032340002352,3.839916210919797,2.839916210919797
2016-06-30,Random Forest,-0.02315419186740991,3.7510060542173824,2.7510060542173824
2016-07-29,Random Forest,0.047579658469174405,3.9294776411928507,2.9294776411928507
2016-08-31,Random Forest,0.0016122598959363971,3.935812980405725,2.935812980405725
2016-09-30,Random Forest,0.005361416434008772,3.9569145128000573,2.9569145128000573
2016-10-31,Random Forest,-0.02867908755898309,3.8434338150240537,2.8434338150240537
2016-11-30,Random Forest,0.09579618856239953,4.2116201254952,3.2116201254952
2016-12-30,Random Forest,0.017106230769791578,4.283665071276619,3.2836650712766193
2017-01-31,Random Forest,0.0023679091478453714,4.293808400985201,3.293808400985201
2017-02-28,Random Forest,0.016471296228023506,4.364532991104205,3.3645329911042046
2017-03-31,Random Forest,-0.008039233550474955,4.329445491049965,3.329445491049965
2017-04-28,Random Forest,-0.005434132970995265,4.305918708560924,3.305918708560924
2017-05-31,Random Forest,-0.02602855218761061,4.193841878739537,3.193841878739537
2017-06-30,Random Forest,0.01873367647577082,4.272407955686383,3.2724079556863828
2017-07-31,Random Forest,0.013293194476455106,4.3292019055240765,3.3292019055240765
2017-08-31,Random Forest,0.011806187805562909,4.380313276268894,3.380313276268894
2017-09-29,Random Forest,-0.012556387013201362,4.325312367532998,3.325312367532998
2017-10-31,Random Forest,0.028622819149745356,4.449115001195052,3.449115001195052
2017-11-30,Random Forest,0.03576549305708439,4.608239792880464,3.6082397928804637
2017-12-29,Random Forest,-0.013595710780246904,4.545587497450436,3.5455874974504358
2018-01-31,Random Forest,0.059026223289773555,4.813896360058148,3.8138963600581484
2018-02-28,Random Forest,-0.03217999633125406,4.65898519285244,3.65898519285244
2018-03-29,Random Forest,-0.006749020085154045,4.627541608209444,3.6275416082094436
2018-04-30,Random Forest,-0.018432691558529442,4.542243561071057,3.542243561071057
2018-05-31,Random Forest,0.024450106368224554,4.653301899289628,3.6533018992896276
2018-06-29,Random Forest,0.021816603157093772,4.75482114019658,3.7548211401965803
2018-07-31,Random Forest,0.026771729273945475,4.882115924507956,3.882115924507956
2018-08-31,Random Forest,0.029081047121219263,5.024092967759827,4.024092967759827
2018-09-28,Random Forest,0.012906434615565163,5.08893609515074,4.08893609515074
2018-10-31,Random Forest,-0.0902152355690987,4.629836526530626,3.6298365265306263
2018-11-30,Random Forest,0.07330478548107325,4.969225699920392,3.9692256999203916
2018-12-31,Random Forest,-0.1216796287588525,4.364572161535129,3.364572161535129
2019-01-31,Random Forest,0.11533260757185186,4.86794964986049,3.86794964986049
2019-02-28,Random Forest,0.04449969540528654,5.084571926527553,4.084571926527553
2019-03-29,Random Forest,0.023560044625686154,5.2043646680190525,4.2043646680190525
2019-04-30,Random Forest,0.07387306503151422,5.588827037587339,4.588827037587339
2019-05-31,Random Forest,-0.0631050232093924,5.23614397766711,4.23614397766711
2019-06-28,Random Forest,0.044686212641549275,5.47012742087491,4.47012742087491
2019-07-31,Random Forest,0.012280008531533024,5.537300632271827,4.537300632271827
2019-08-30,Random Forest,-0.1045932006456375,4.9581366362054045,3.9581366362054045
2019-09-30,Random Forest,0.02709444890216889,5.092474615945044,4.092474615945044
2019-10-31,Random Forest,-0.020414166293030212,4.988515992292107,3.9885159922921067
2019-11-29,Random Forest,0.016852802012584257,5.0725864646468155,4.0725864646468155
2019-12-31,Random Forest,0.04352052476125857,5.293348089485103,4.293348089485103
2020-01-31,Random Forest,0.025824289438168006,5.43004504264494,4.43004504264494
2020-02-28,Random Forest,-0.0968186196377976,4.904315577044991,3.904315577044991
2020-03-31,Random Forest,-0.21697918254909182,3.840181192174991,2.840181192174991
2020-04-30,Random Forest,0.07012607914089523,4.109478042372832,3.1094780423728317
2020-05-29,Random Forest,0.017970888732249987,4.183329015019939,3.1833290150199387
2020-06-30,Random Forest,0.07353170929806888,4.490936348050562,3.490936348050562
2020-07-31,Random Forest,0.029240902276095805,4.622255378932075,3.622255378932075
2020-08-31,Random Forest,-0.005543649795979519,4.596631213843693,3.5966312138436933
2020-09-30,Random Forest,-0.02083961010684625,4.500839211542232,3.5008392115422318
2020-10-30,Random Forest,0.02041266915224683,4.5927133532749025,3.5927133532749025
2020-11-30,Random Forest,0.11941974194493069,5.141173996750029,4.141173996750029
2020-12-31,Random Forest,0.0508594506514487,5.402651281928248,4.402651281928248
2021-01-29,Random Forest,0.15922535844885502,6.262890368867439,5.262890368867439
2021-02-26,Random Forest,-0.07395445344603781,5.799721734645394,4.799721734645394
2021-03-31,Random Forest,0.05431666906828182,6.11474330079425,5.11474330079425
2021-04-30,Random Forest,0.020930394870179853,6.2427272926096595,5.2427272926096595
2021-05-28,Random Forest,0.02959275630977774,6.427466800088256,5.427466800088256
2021-06-30,Random Forest,0.025392912097526747,6.590678899552668,5.590678899552668
2021-07-30,Random Forest,0.02167712780997196,6.733545888412756,5.733545888412756
2021-08-31,Random Forest,0.06128237362497406,7.146193563367375,6.146193563367375
2021-09-30,Random Forest,-0.03951045386443805,6.8638442122756045,5.8638442122756045
2021-10-29,Random Forest,0.05848105597798213,7.265249069877842,6.265249069877842
2021-11-30,Random Forest,-0.029311363097183102,7.052294716399181,6.052294716399181
2021-12-31,Random Forest,0.07441717175013213,7.5771065435420075,6.5771065435420075
2022-01-31,Random Forest,-0.11946934659998142,6.6718745756666005,5.6718745756666005
2022-02-28,Random Forest,0.0263534680602801,6.847701609198626,5.847701609198626
2022-03-31,Random Forest,0.09599831053503412,7.505069394729729,6.505069394729729
2022-04-29,Random Forest,-0.09510497568785645,6.791299952408282,5.791299952408282
2022-05-31,Random Forest,0.011477711250456045,6.86924853227726,5.86924853227726
2022-06-30,Random Forest,-0.07230597348741927,6.372560830023927,5.372560830023927
2022-07-29,Random Forest,0.1149813554659813,7.105286512049497,6.105286512049497
2022-08-31,Random Forest,0.01573345478609877,7.217077216129105,6.217077216129105
2022-09-30,Random Forest,-0.07493739801147618,6.676248228304481,5.676248228304481
2022-10-31,Random Forest,0.04081850007633886,6.948762667121184,5.948762667121184
2022-11-30,Random Forest,0.06725731240434896,7.416117768647431,6.416117768647431
2022-12-30,Random Forest,-0.040023218024528365,7.119300870297276,6.119300870297276
2023-01-31,Random Forest,0.042633629670690995,7.422822507115758,6.422822507115758
2023-02-28,Random Forest,-0.04105133144890542,7.118105760089755,6.118105760089755
2023-03-31,Random Forest,0.0005974861832318571,7.122358729932191,6.122358729932191
2023-04-28,Random Forest,-0.003934601256793251,7.094335088322068,6.094335088322068
2023-05-31,Random Forest,-0.06720474720827259,6.617562092100605,5.617562092100605
2023-06-30,Random Forest,0.0701031469635016,7.081474019983231,6.081474019983231
2023-07-31,Random Forest,0.026367614738450305,7.268195598722494,6.268195598722494
2023-08-31,Random Forest,-0.011942046394861894,7.18139846967562,6.18139846967562
2023-09-29,Random Forest,-0.09198627630847148,6.520808365762805,5.520808365762805
2023-10-31,Random Forest,-0.024617530980773513,6.360282163798952,5.360282163798952
2023-11-30,Random Forest,0.1285831111239283,7.1781070320462526,6.1781070320462526
2023-12-29,Random Forest,0.08714454580601412,7.803639909100879,6.803639909100879
2024-01-31,Random Forest,-0.04049055315234235,7.487666212579689,6.487666212579689
2024-02-29,Random Forest,0.07358597278583906,8.038653414728024,7.038653414728024
2024-03-28,Random Forest,0.029209667112662124,8.273459805006294,7.2734598050062935
2024-04-30,Random Forest,-0.10288072938278234,7.422280225748113,6.422280225748113
2024-05-31,Random Forest,0.025670286218900353,7.612812283539952,6.612812283539952
2024-06-28,Random Forest,-0.00778912583314907,7.553515130719317,6.553515130719317
2024-07-31,Random Forest,0.0859066828572806,8.202412559511691,7.202412559511691
2024-08-30,Random Forest,-0.0025464304454793007,8.181525686443768,7.181525686443768
2024-09-30,Random Forest,0.02364880415625209,8.375008985101823,7.3750089851018235
2024-10-31,Random Forest,0.0012260700385537601,8.385277332691075,7.385277332691075
2024-11-29,Random Forest,0.014967818547613965,8.510786642278214,7.510786642278214
1999-12-31,Torch (gamma=5.0),0.061170339584350586,1.0611703395843506,0.061170339584350586
2000-01-31,Torch (gamma=5.0),-0.022252662107348442,1.0375564098358154,0.03755640983581543
2000-02-29,Torch (gamma=5.0),0.13819986581802368,1.1809464693069458,0.1809464693069458
2000-03-31,Torch (gamma=5.0),0.0184420607984066,1.2027255296707153,0.20272552967071533
2000-04-28,Torch (gamma=5.0),-0.029020385816693306,1.167822003364563,0.167822003364563
2000-05-31,Torch (gamma=5.0),-0.1168413832783699,1.0313720703125,0.0313720703125
2000-06-30,Torch (gamma=5.0),0.11076035350561142,1.1456072330474854,0.14560723304748535
2000-07-31,Torch (gamma=5.0),-0.042958784848451614,1.096393346786499,0.09639334678649902
2000-08-31,Torch (gamma=5.0),0.14491096138954163,1.2552727460861206,0.2552727460861206
2000-09-29,Torch (gamma=5.0),-0.05428383871912956,1.187131643295288,0.18713164329528809
2000-10-31,Torch (gamma=5.0),-0.0349515862762928,1.1456395387649536,0.1456395387649536
2000-11-30,Torch (gamma=5.0),-0.12894870340824127,0.9979107975959778,-0.002089202404022217
2000-12-29,Torch (gamma=5.0),0.056175362318754196,1.0539687871932983,0.05396878719329834
2001-01-31,Torch (gamma=5.0),0.14047235250473022,1.2020223140716553,0.20202231407165527
2001-02-28,Torch (gamma=5.0),0.0020190493669360876,1.2044492959976196,0.20444929599761963
2001-03-30,Torch (gamma=5.0),-0.008889222517609596,1.1937427520751953,0.1937427520751953
2001-04-30,Torch (gamma=5.0),0.11906631290912628,1.3358772993087769,0.33587729930877686
2001-05-31,Torch (gamma=5.0),0.01683240756392479,1.3583632707595825,0.3583632707595825
2001-06-29,Torch (gamma=5.0),-0.008719617500901222,1.346518874168396,0.346518874168396
2001-07-31,Torch (gamma=5.0),0.004225443117320538,1.3522086143493652,0.35220861434936523
2001-08-31,Torch (gamma=5.0),-0.025737576186656952,1.3174060583114624,0.3174060583114624
2001-09-28,Torch (gamma=5.0),-0.06064028665423393,1.2375181913375854,0.23751819133758545
2001-10-31,Torch (gamma=5.0),0.02003372274339199,1.262310266494751,0.262310266494751
2001-11-30,Torch (gamma=5.0),0.1049487292766571,1.394788146018982,0.39478814601898193
2001-12-31,Torch (gamma=5.0),0.044487230479717255,1.4568383693695068,0.45683836936950684
2002-01-31,Torch (gamma=5.0),0.016817044466733932,1.4813381433486938,0.48133814334869385
2002-02-28,Torch (gamma=5.0),0.03258324787020683,1.5296049118041992,0.5296049118041992
2002-03-28,Torch (gamma=5.0),0.058281511068344116,1.6187525987625122,0.6187525987625122
2002-04-30,Torch (gamma=5.0),0.0019045721273869276,1.621835708618164,0.6218357086181641
2002-05-31,Torch (gamma=5.0),-0.006255391053855419,1.6116905212402344,0.6116905212402344
2002-06-28,Torch (gamma=5.0),-0.051161136478185654,1.5292346477508545,0.5292346477508545
2002-07-31,Torch (gamma=5.0),-0.04256446659564972,1.4641436338424683,0.46414363384246826
2002-08-30,Torch (gamma=5.0),0.03918106481432915,1.521510362625122,0.5215103626251221
2002-09-30,Torch (gamma=5.0),-0.08594515919685364,1.3907439708709717,0.3907439708709717
2002-10-31,Torch (gamma=5.0),0.026381002739071846,1.4274332523345947,0.4274332523345947
2002-11-29,Torch (gamma=5.0),0.08454367518424988,1.5481137037277222,0.5481137037277222
2002-12-31,Torch (gamma=5.0),-0.018098603934049606,1.5200949907302856,0.5200949907302856
2003-01-31,Torch (gamma=5.0),-0.033968277275562286,1.468459963798523,0.46845996379852295
2003-02-28,Torch (gamma=5.0),-0.013951377011835575,1.4479728937149048,0.4479728937149048
2003-03-31,Torch (gamma=5.0),0.016610199585556984,1.4720239639282227,0.47202396392822266
2003-04-30,Torch (gamma=5.0),0.07456307858228683,1.581782579421997,0.5817825794219971
2003-05-30,Torch (gamma=5.0),0.08659898489713669,1.7187633514404297,0.7187633514404297
2003-06-30,Torch (gamma=5.0),-0.0026313040871173143,1.7142407894134521,0.7142407894134521
2003-07-31,Torch (gamma=5.0),0.0102223576977849,1.731764316558838,0.7317643165588379
2003-08-29,Torch (gamma=5.0),0.02375558577477932,1.772903323173523,0.772903323173523
2003-09-30,Torch (gamma=5.0),0.00888241920620203,1.7886509895324707,0.7886509895324707
2003-10-31,Torch (gamma=5.0),0.04744238778948784,1.8735089302062988,0.8735089302062988
2003-11-28,Torch (gamma=5.0),0.016497736796736717,1.904417634010315,0.9044176340103149
2003-12-31,Torch (gamma=5.0),0.018747730180621147,1.940121054649353,0.940121054649353
2004-01-30,Torch (gamma=5.0),0.01263723149895668,1.9646388292312622,0.9646388292312622
2004-02-27,Torch (gamma=5.0),0.04125349968671799,2.045686960220337,1.045686960220337
2004-03-31,Torch (gamma=5.0),0.0030806129798293114,2.0519888401031494,1.0519888401031494
2004-04-30,Torch (gamma=5.0),-0.039641380310058594,1.9706451892852783,0.9706451892852783
2004-05-28,Torch (gamma=5.0),0.010641739703714848,1.9916162490844727,0.9916162490844727
2004-06-30,Torch (gamma=5.0),0.02347816899418831,2.0383756160736084,1.0383756160736084
2004-07-30,Torch (gamma=5.0),-0.03889362886548042,1.9590957164764404,0.9590957164764404
2004-08-31,Torch (gamma=5.0),0.0036414056085050106,1.9662295579910278,0.9662295579910278
2004-09-30,Torch (gamma=5.0),0.05417710170149803,2.072754144668579,1.072754144668579
2004-10-29,Torch (gamma=5.0),0.01846489869058132,2.111027479171753,1.111027479171753
2004-11-30,Torch (gamma=5.0),0.06002292409539223,2.2377376556396484,1.2377376556396484
2004-12-31,Torch (gamma=5.0),0.020696265622973442,2.284050464630127,1.284050464630127
2005-01-31,Torch (gamma=5.0),-0.005989492870867252,2.2703702449798584,1.2703702449798584
2005-02-28,Torch (gamma=5.0),0.03922498971223831,2.3594255447387695,1.3594255447387695
2005-03-31,Torch (gamma=5.0),0.00516810966655612,2.37161922454834,1.3716192245483398
2005-04-29,Torch (gamma=5.0),-0.0293185506016016,2.30208683013916,1.3020868301391602
2005-05-31,Torch (gamma=5.0),0.03492278233170509,2.3824822902679443,1.3824822902679443
2005-06-30,Torch (gamma=5.0),0.033345285803079605,2.4619269371032715,1.4619269371032715
2005-07-29,Torch (gamma=5.0),0.03987298533320427,2.560091257095337,1.560091257095337
2005-08-31,Torch (gamma=5.0),-0.007223864551633596,2.541597604751587,1.541597604751587
2005-09-30,Torch (gamma=5.0),0.022775210440158844,2.599483013153076,1.5994830131530762
2005-10-31,Torch (gamma=5.0),-0.047468412667512894,2.4760897159576416,1.4760897159576416
2005-11-30,Torch (gamma=5.0),0.02845708280801773,2.5465519428253174,1.5465519428253174
2005-12-30,Torch (gamma=5.0),0.00859480444341898,2.56843900680542,1.56843900680542
2006-01-31,Torch (gamma=5.0),0.04260658845305443,2.6778714656829834,1.6778714656829834
2006-02-28,Torch (gamma=5.0),0.006108994595706463,2.694230556488037,1.694230556488037
2006-03-31,Torch (gamma=5.0),0.022058848291635513,2.753662109375,1.753662109375
2006-04-28,Torch (gamma=5.0),-0.010068181902170181,2.725937843322754,1.725937843322754
2006-05-31,Torch (gamma=5.0),-0.039125941693782806,2.6192829608917236,1.6192829608917236
2006-06-30,Torch (gamma=5.0),0.0014795507304370403,2.6231582164764404,1.6231582164764404
2006-07-31,Torch (gamma=5.0),-0.03257372975349426,2.537712335586548,1.5377123355865479
2006-08-31,Torch (gamma=5.0),0.0023733817506581545,2.5437352657318115,1.5437352657318115
2006-09-29,Torch (gamma=5.0),0.028100337833166122,2.6152150630950928,1.6152150630950928
2006-10-31,Torch (gamma=5.0),0.032149430364370346,2.6992926597595215,1.6992926597595215
2006-11-30,Torch (gamma=5.0),0.017660558223724365,2.7469637393951416,1.7469637393951416
2006-12-29,Torch (gamma=5.0),0.0145904291421175,2.7870430946350098,1.7870430946350098
2007-01-31,Torch (gamma=5.0),0.006530432496219873,2.805243730545044,1.805243730545044
2007-02-28,Torch (gamma=5.0),0.0037712613120675087,2.8158230781555176,1.8158230781555176
2007-03-30,Torch (gamma=5.0),0.027539610862731934,2.893369674682617,1.8933696746826172
2007-04-30,Torch (gamma=5.0),0.026704512536525726,2.9706358909606934,1.9706358909606934
2007-05-31,Torch (gamma=5.0),0.02134505845606327,3.0340442657470703,2.0340442657470703
2007-06-29,Torch (gamma=5.0),-0.04259766265749931,2.9048011302948,1.9048011302947998
2007-07-31,Torch (gamma=5.0),-0.04770918935537338,2.7662155628204346,1.7662155628204346
2007-08-31,Torch (gamma=5.0),-0.01061929576098919,2.73684024810791,1.7368402481079102
2007-09-28,Torch (gamma=5.0),0.04984637349843979,2.8732619285583496,1.8732619285583496
2007-10-31,Torch (gamma=5.0),0.04571281000971794,3.0046069622039795,2.0046069622039795
2007-11-30,Torch (gamma=5.0),-0.03378051519393921,2.9031097888946533,1.9031097888946533
2007-12-31,Torch (gamma=5.0),0.007537572644650936,2.924992322921753,1.924992322921753
2008-01-31,Torch (gamma=5.0),-0.09502548724412918,2.647043466567993,1.6470434665679932
2008-02-29,Torch (gamma=5.0),0.030678093433380127,2.7282495498657227,1.7282495498657227
2008-03-31,Torch (gamma=5.0),-0.0195460207760334,2.6749231815338135,1.6749231815338135
2008-04-30,Torch (gamma=5.0),0.039805758744478226,2.781400442123413,1.781400442123413
2008-05-30,Torch (gamma=5.0),0.05028123781085014,2.921252727508545,1.921252727508545
2008-06-30,Torch (gamma=5.0),-0.12267246097326279,2.5628955364227295,1.5628955364227295
2008-07-31,Torch (gamma=5.0),-0.001271184766665101,2.5596375465393066,1.5596375465393066
2008-08-29,Torch (gamma=5.0),-0.00998561643064022,2.5340778827667236,1.5340778827667236
2008-09-30,Torch (gamma=5.0),-0.0841427817940712,2.3208534717559814,1.3208534717559814
2008-10-31,Torch (gamma=5.0),-0.2274267077445984,1.7930294275283813,0.7930294275283813
2008-11-28,Torch (gamma=5.0),-0.11825144290924072,1.5810011625289917,0.5810011625289917
2008-12-31,Torch (gamma=5.0),0.11387067288160324,1.7610307931900024,0.7610307931900024
2009-01-30,Torch (gamma=5.0),-0.11409515142440796,1.5601056814193726,0.5601056814193726
2009-02-27,Torch (gamma=5.0),-0.15552595257759094,1.3174687623977661,0.3174687623977661
2009-03-31,Torch (gamma=5.0),0.11733043938875198,1.4720479249954224,0.47204792499542236
2009-04-30,Torch (gamma=5.0),0.15892980992794037,1.7060002088546753,0.7060002088546753
2009-05-29,Torch (gamma=5.0),0.032649606466293335,1.7617005109786987,0.7617005109786987
2009-06-30,Torch (gamma=5.0),0.0390007421374321,1.8304080963134766,0.8304080963134766
2009-07-31,Torch (gamma=5.0),0.05304940417408943,1.9275102615356445,0.9275102615356445
2009-08-31,Torch (gamma=5.0),0.022965623065829277,1.9717768430709839,0.9717768430709839
2009-09-30,Torch (gamma=5.0),0.03729972243309021,2.045323610305786,1.0453236103057861
2009-10-30,Torch (gamma=5.0),-0.010347779840230942,2.0241589546203613,1.0241589546203613
2009-11-30,Torch (gamma=5.0),0.04572781175374985,2.1167194843292236,1.1167194843292236
2009-12-31,Torch (gamma=5.0),0.04572741687297821,2.2135114669799805,1.2135114669799805
2010-01-29,Torch (gamma=5.0),-0.02118229679763317,2.1666243076324463,1.1666243076324463
2010-02-26,Torch (gamma=5.0),0.04944957420229912,2.2737629413604736,1.2737629413604736
2010-03-31,Torch (gamma=5.0),0.060586635023355484,2.411522626876831,1.411522626876831
2010-04-30,Torch (gamma=5.0),0.027127938345074654,2.476942300796509,1.4769423007965088
2010-05-28,Torch (gamma=5.0),-0.06401082873344421,2.3183910846710205,1.3183910846710205
2010-06-30,Torch (gamma=5.0),-0.04574013501405716,2.2123475074768066,1.2123475074768066
2010-07-30,Torch (gamma=5.0),0.05169001221656799,2.3267037868499756,1.3267037868499756
2010-08-31,Torch (gamma=5.0),-0.06934649497270584,2.1653549671173096,1.1653549671173096
2010-09-30,Torch (gamma=5.0),0.09752675890922546,2.376535177230835,1.376535177230835
2010-10-29,Torch (gamma=5.0),0.03871649503707886,2.4685463905334473,1.4685463905334473
2010-11-30,Torch (gamma=5.0),0.02628939040005207,2.533442974090576,1.5334429740905762
2010-12-31,Torch (gamma=5.0),0.05917554721236229,2.6833608150482178,1.6833608150482178
2011-01-31,Torch (gamma=5.0),-0.0030763456597924232,2.6751058101654053,1.6751058101654053
2011-02-28,Torch (gamma=5.0),0.05351931229233742,2.8182756900787354,1.8182756900787354
2011-03-31,Torch (gamma=5.0),0.011759180575609207,2.8514163494110107,1.8514163494110107
2011-04-29,Torch (gamma=5.0),0.028733031824231148,2.9333460330963135,1.9333460330963135
2011-05-31,Torch (gamma=5.0),-0.007944759912788868,2.910041332244873,1.910041332244873
2011-06-30,Torch (gamma=5.0),0.004165956284850836,2.9221646785736084,1.9221646785736084
2011-07-29,Torch (gamma=5.0),-0.03401222452521324,2.822775363922119,1.8227753639221191
2011-08-31,Torch (gamma=5.0),-0.044975750148296356,2.6958189010620117,1.6958189010620117
2011-09-30,Torch (gamma=5.0),-0.08786222338676453,2.458958148956299,1.4589581489562988
2011-10-31,Torch (gamma=5.0),0.13888010382652283,2.8004586696624756,1.8004586696624756
2011-11-30,Torch (gamma=5.0),0.005671534687280655,2.8163414001464844,1.8163414001464844
2011-12-30,Torch (gamma=5.0),-0.02202257141470909,2.7543184757232666,1.7543184757232666
2012-01-31,Torch (gamma=5.0),0.05219220742583275,2.8980724811553955,1.8980724811553955
2012-02-29,Torch (gamma=5.0),0.050375401973724365,3.0440642833709717,2.0440642833709717
2012-03-30,Torch (gamma=5.0),0.03849969059228897,3.161259889602661,2.161259889602661
2012-04-30,Torch (gamma=5.0),0.0017716044094413519,3.166860342025757,2.166860342025757
2012-05-31,Torch (gamma=5.0),-0.06929290294647217,2.9474194049835205,1.9474194049835205
2012-06-29,Torch (gamma=5.0),0.027044547721743584,3.0271310806274414,2.0271310806274414
2012-07-31,Torch (gamma=5.0),-0.001730774063616991,3.0218918323516846,2.0218918323516846
2012-08-31,Torch (gamma=5.0),0.03087148629128933,3.1151821613311768,2.1151821613311768
2012-09-28,Torch (gamma=5.0),0.035487305372953415,3.225731611251831,2.225731611251831
2012-10-31,Torch (gamma=5.0),-0.015364126302301884,3.176171064376831,2.176171064376831
2012-11-30,Torch (gamma=5.0),0.017587319016456604,3.2320313453674316,2.2320313453674316
2012-12-31,Torch (gamma=5.0),0.009713122621178627,3.2634246349334717,2.2634246349334717
2013-01-31,Torch (gamma=5.0),0.08825110644102097,3.5514254570007324,2.5514254570007324
2013-02-28,Torch (gamma=5.0),0.012141979299485683,3.5945465564727783,2.5945465564727783
2013-03-28,Torch (gamma=5.0),0.05287347733974457,3.7846028804779053,2.7846028804779053
2013-04-30,Torch (gamma=5.0),0.019206088036298752,3.857290029525757,2.857290029525757
2013-05-31,Torch (gamma=5.0),0.025985395535826683,3.9575231075286865,2.9575231075286865
2013-06-28,Torch (gamma=5.0),-0.013309502974152565,3.904850482940674,2.904850482940674
2013-07-31,Torch (gamma=5.0),0.07120652496814728,4.182901382446289,3.182901382446289
2013-08-30,Torch (gamma=5.0),-0.015048216097056866,4.119956016540527,3.1199560165405273
2013-09-30,Torch (gamma=5.0),0.07413434237241745,4.425386428833008,3.425386428833008
2013-10-31,Torch (gamma=5.0),0.015575406141579151,4.494313716888428,3.4943137168884277
2013-11-29,Torch (gamma=5.0),0.015390641987323761,4.563484191894531,3.5634841918945312
2013-12-31,Torch (gamma=5.0),0.021435031667351723,4.66130256652832,3.6613025665283203
2014-01-31,Torch (gamma=5.0),-0.021368198096752167,4.561698913574219,3.5616989135742188
2014-02-28,Torch (gamma=5.0),0.05995240435004234,4.835183620452881,3.835183620452881
2014-03-31,Torch (gamma=5.0),-0.014347277581691742,4.765811920166016,3.7658119201660156
2014-04-30,Torch (gamma=5.0),-0.00185261364094913,4.756982803344727,3.7569828033447266
2014-05-30,Torch (gamma=5.0),0.02710447460412979,4.885918617248535,3.885918617248535
2014-06-30,Torch (gamma=5.0),0.038500115275382996,5.074027061462402,4.074027061462402
2014-07-31,Torch (gamma=5.0),-0.02998417429625988,4.921886444091797,3.921886444091797
2014-08-29,Torch (gamma=5.0),0.056853193789720535,5.201711177825928,4.201711177825928
2014-09-30,Torch (gamma=5.0),-0.03091721050441265,5.040888786315918,4.040888786315918
2014-10-31,Torch (gamma=5.0),0.05378849804401398,5.312030792236328,4.312030792236328
2014-11-28,Torch (gamma=5.0),0.03102322481572628,5.476827144622803,4.476827144622803
2014-12-31,Torch (gamma=5.0),0.01217111200094223,5.543486595153809,4.543486595153809
2015-01-30,Torch (gamma=5.0),0.011221404187381268,5.605692386627197,4.605692386627197
2015-02-27,Torch (gamma=5.0),0.06793972849845886,5.986541748046875,4.986541748046875
2015-03-31,Torch (gamma=5.0),0.0005042235134169459,5.989560604095459,4.989560604095459
2015-04-30,Torch (gamma=5.0),0.0034763584844768047,6.010382652282715,5.010382652282715
2015-05-29,Torch (gamma=5.0),0.009077024646103382,6.064939498901367,5.064939498901367
2015-06-30,Torch (gamma=5.0),-0.02205447293817997,5.931180477142334,4.931180477142334
2015-07-31,Torch (gamma=5.0),0.0013741482980549335,5.939330577850342,4.939330577850342
2015-08-31,Torch (gamma=5.0),-0.05158807709813118,5.632932186126709,4.632932186126709
2015-09-30,Torch (gamma=5.0),-0.0037638163194060326,5.611731052398682,4.611731052398682
2015-10-30,Torch (gamma=5.0),0.06153152137994766,5.957029342651367,4.957029342651367
2015-11-30,Torch (gamma=5.0),0.008854364976286888,6.009775161743164,5.009775161743164
2015-12-31,Torch (gamma=5.0),-0.02753329835832119,5.844306468963623,4.844306468963623
2016-01-29,Torch (gamma=5.0),-0.10744582116603851,5.216360092163086,4.216360092163086
2016-02-29,Torch (gamma=5.0),0.004895294550806284,5.24189567565918,4.24189567565918
2016-03-31,Torch (gamma=5.0),0.0636606365442276,5.575598239898682,4.575598239898682
2016-04-29,Torch (gamma=5.0),-0.005418027751147747,5.545389652252197,4.545389652252197
2016-05-31,Torch (gamma=5.0),0.02746095508337021,5.697671413421631,4.697671413421631
2016-06-30,Torch (gamma=5.0),0.0120305260643363,5.766217231750488,4.766217231750488
2016-07-29,Torch (gamma=5.0),0.01949215680360794,5.878612995147705,4.878612995147705
2016-08-31,Torch (gamma=5.0),0.0044219009578228,5.904607772827148,4.904607772827148
2016-09-30,Torch (gamma=5.0),0.016387375071644783,6.001368522644043,5.001368522644043
2016-10-31,Torch (gamma=5.0),-0.04385064169764519,5.738204479217529,4.738204479217529
2016-11-30,Torch (gamma=5.0),0.07627898454666138,6.17590856552124,5.17590856552124
2016-12-30,Torch (gamma=5.0),0.004978099372237921,6.206652641296387,5.206652641296387
2017-01-31,Torch (gamma=5.0),0.016583500429987907,6.309580326080322,5.309580326080322
2017-02-28,Torch (gamma=5.0),0.027747346088290215,6.484654903411865,5.484654903411865
2017-03-31,Torch (gamma=5.0),0.008084064349532127,6.5370774269104,5.5370774269104
2017-04-28,Torch (gamma=5.0),0.005835979711264372,6.575227737426758,5.575227737426758
2017-05-31,Torch (gamma=5.0),0.017482060939073563,6.690176010131836,5.690176010131836
2017-06-30,Torch (gamma=5.0),0.02061176672577858,6.828072547912598,5.828072547912598
2017-07-31,Torch (gamma=5.0),0.018933186307549477,6.95734977722168,5.95734977722168
2017-08-31,Torch (gamma=5.0),0.013792308047413826,7.05330753326416,6.05330753326416
2017-09-29,Torch (gamma=5.0),0.029063448309898376,7.258301258087158,6.258301258087158
2017-10-31,Torch (gamma=5.0),0.010528301820158958,7.334719181060791,6.334719181060791
2017-11-30,Torch (gamma=5.0),0.04039601609110832,7.631012439727783,6.631012439727783
2017-12-29,Torch (gamma=5.0),0.01989533007144928,7.782834053039551,6.782834053039551
2018-01-31,Torch (gamma=5.0),0.0543740838766098,8.206018447875977,7.206018447875977
2018-02-28,Torch (gamma=5.0),-0.014842025935649872,8.084224700927734,7.084224700927734
2018-03-29,Torch (gamma=5.0),-0.004904264584183693,8.044577598571777,7.044577598571777
2018-04-30,Torch (gamma=5.0),0.014109695330262184,8.158084869384766,7.158084869384766
2018-05-31,Torch (gamma=5.0),0.04126870632171631,8.494758605957031,7.494758605957031
2018-06-29,Torch (gamma=5.0),-0.010024272836744785,8.409605026245117,7.409605026245117
2018-07-31,Torch (gamma=5.0),0.021378973498940468,8.589393615722656,7.589393615722656
2018-08-31,Torch (gamma=5.0),0.011865271255373955,8.691308975219727,7.691308975219727
2018-09-28,Torch (gamma=5.0),0.004992308095097542,8.734699249267578,7.734699249267578
2018-10-31,Torch (gamma=5.0),-0.07900726795196533,8.044594764709473,7.044594764709473
2018-11-30,Torch (gamma=5.0),-0.010593034327030182,7.959377765655518,6.959377765655518
2018-12-31,Torch (gamma=5.0),-0.10802343487739563,7.099578857421875,6.099578857421875
2019-01-31,Torch (gamma=5.0),0.09282071143388748,7.7585673332214355,6.7585673332214355
2019-02-28,Torch (gamma=5.0),0.04326518252491951,8.094243049621582,7.094243049621582
2019-03-29,Torch (gamma=5.0),0.010055226273834705,8.17563247680664,7.175632476806641
2019-04-30,Torch (gamma=5.0),0.02456066757440567,8.376431465148926,7.376431465148926
2019-05-31,Torch (gamma=5.0),-0.054648905992507935,7.918668746948242,6.918668746948242
2019-06-28,Torch (gamma=5.0),0.07701335847377777,8.528512001037598,7.528512001037598
2019-07-31,Torch (gamma=5.0),0.01267937757074833,8.636648178100586,7.636648178100586
2019-08-30,Torch (gamma=5.0),-0.0252570528537035,8.418512344360352,7.418512344360352
2019-09-30,Torch (gamma=5.0),0.028948841616511345,8.66221809387207,7.66221809387207
2019-10-31,Torch (gamma=5.0),0.01371882576495409,8.78105354309082,7.78105354309082
2019-11-29,Torch (gamma=5.0),0.04376005008816719,9.165312767028809,8.165312767028809
2019-12-31,Torch (gamma=5.0),0.051258087158203125,9.635108947753906,8.635108947753906
2020-01-31,Torch (gamma=5.0),-0.014645843766629696,9.49399471282959,8.49399471282959
2020-02-28,Torch (gamma=5.0),-0.09192613512277603,8.621248245239258,7.621248245239258
2020-03-31,Torch (gamma=5.0),-0.15460067987442017,7.288397312164307,6.288397312164307
2020-04-30,Torch (gamma=5.0),0.14389295876026154,8.337146759033203,7.337146759033203
2020-05-29,Torch (gamma=5.0),-0.027306925505399704,8.109484672546387,7.109484672546387
2020-06-30,Torch (gamma=5.0),0.040665678679943085,8.439262390136719,7.439262390136719
2020-07-31,Torch (gamma=5.0),0.06822621822357178,9.01504135131836,8.01504135131836
2020-08-31,Torch (gamma=5.0),0.11466633528470993,10.048763275146484,9.048763275146484
2020-09-30,Torch (gamma=5.0),-0.005524341482669115,9.993250846862793,8.993250846862793
2020-10-30,Torch (gamma=5.0),-0.07223424315452576,9.271395683288574,8.271395683288574
2020-11-30,Torch (gamma=5.0),0.1860448122024536,10.996291160583496,9.996291160583496
2020-12-31,Torch (gamma=5.0),0.07850611209869385,11.859567642211914,10.859567642211914
2021-01-29,Torch (gamma=5.0),0.15575763583183289,13.706786155700684,12.706786155700684
2021-02-26,Torch (gamma=5.0),-0.0515727624297142,12.999889373779297,11.999889373779297
2021-03-31,Torch (gamma=5.0),-0.005018728785216808,12.934646606445312,11.934646606445312
2021-04-30,Torch (gamma=5.0),0.053616899996995926,13.628162384033203,12.628162384033203
2021-05-28,Torch (gamma=5.0),0.0024461541324853897,13.6614990234375,12.6614990234375
2021-06-30,Torch (gamma=5.0),0.012372531928122044,13.830525398254395,12.830525398254395
2021-07-30,Torch (gamma=5.0),0.017988702282309532,14.079318046569824,13.079318046569824
2021-08-31,Torch (gamma=5.0),0.006303738337010145,14.168070793151855,13.168070793151855
2021-09-30,Torch (gamma=5.0),-0.021698366850614548,13.860647201538086,12.860647201538086
2021-10-29,Torch (gamma=5.0),0.09212673455476761,15.13758373260498,14.13758373260498
2021-11-30,Torch (gamma=5.0),0.0039476617239415646,15.197340965270996,14.197340965270996
2021-12-31,Torch (gamma=5.0),0.017631253227591515,15.465290069580078,14.465290069580078
2022-01-31,Torch (gamma=5.0),-0.02313517965376377,15.107498168945312,14.107498168945312
2022-02-28,Torch (gamma=5.0),-0.0027632699348032475,15.065752029418945,14.065752029418945
2022-03-31,Torch (gamma=5.0),0.03644119203090668,15.614766120910645,14.614766120910645
2022-04-29,Torch (gamma=5.0),-0.09471001476049423,14.135891914367676,13.135891914367676
2022-05-31,Torch (gamma=5.0),0.07167605310678482,15.149096488952637,14.149096488952637
2022-06-30,Torch (gamma=5.0),-0.14535537362098694,12.947093963623047,11.947093963623047
2022-07-29,Torch (gamma=5.0),0.11245368421077728,14.403042793273926,13.403042793273926
2022-08-31,Torch (gamma=5.0),-0.02564779296517372,14.033636093139648,13.033636093139648
2022-09-30,Torch (gamma=5.0),-0.12752048671245575,12.244059562683105,11.244059562683105
2022-10-31,Torch (gamma=5.0),0.10667151212692261,13.550152778625488,12.550152778625488
2022-11-30,Torch (gamma=5.0),0.06983554363250732,14.496435165405273,13.496435165405273
2022-12-30,Torch (gamma=5.0),-0.09654172509908676,13.096924781799316,12.096924781799316
2023-01-31,Torch (gamma=5.0),0.12017619609832764,14.670863151550293,13.670863151550293
2023-02-28,Torch (gamma=5.0),-0.023098457604646683,14.331988334655762,13.331988334655762
2023-03-31,Torch (gamma=5.0),0.03439586982131004,14.82494831085205,13.82494831085205
2023-04-28,Torch (gamma=5.0),-0.0009363652789033949,14.811066627502441,13.811066627502441
2023-05-31,Torch (gamma=5.0),0.002915331395342946,14.854246139526367,13.854246139526367
2023-06-30,Torch (gamma=5.0),0.08431605249643326,16.10669708251953,15.106697082519531
2023-07-31,Torch (gamma=5.0),0.05052173510193825,16.920434951782227,15.920434951782227
2023-08-31,Torch (gamma=5.0),-0.034987058490514755,16.328439712524414,15.328439712524414
2023-09-29,Torch (gamma=5.0),-0.044591501355171204,15.600330352783203,14.600330352783203
2023-10-31,Torch (gamma=5.0),-0.0422273613512516,14.941569328308105,13.941569328308105
2023-11-30,Torch (gamma=5.0),0.11323864012956619,16.633533477783203,15.633533477783203
2023-12-29,Torch (gamma=5.0),0.06860525161027908,17.774682998657227,16.774682998657227
2024-01-31,Torch (gamma=5.0),0.017417922616004944,18.084280014038086,17.084280014038086
2024-02-29,Torch (gamma=5.0),0.07382530719041824,19.41935920715332,18.41935920715332
2024-03-28,Torch (gamma=5.0),0.037763748317956924,20.152706146240234,19.152706146240234
2024-04-30,Torch (gamma=5.0),-0.04515121504664421,19.242786407470703,18.242786407470703
2024-05-31,Torch (gamma=5.0),0.06287452578544617,20.452667236328125,19.452667236328125
2024-06-28,Torch (gamma=5.0),0.03372201323509216,21.142372131347656,20.142372131347656
2024-07-31,Torch (gamma=5.0),-0.004790888167917728,21.041080474853516,20.041080474853516
2024-08-30,Torch (gamma=5.0),-0.0007219945546239614,21.025888442993164,20.025888442993164
2024-09-30,Torch (gamma=5.0),0.03131605684757233,21.684335708618164,20.684335708618164
2024-10-31,Torch (gamma=5.0),0.014086337760090828,21.989789962768555,20.989789962768555
2024-11-29,Torch (gamma=5.0),0.07411371171474457,23.619535446166992,22.619535446166992
