date,rf,mkt_rf,smb,hml,umd,rmw,cma
1989-12-29,0.0060999999999999995,0.010195672690763056,-0.022799999999999997,0.0015,0.0279,-0.0007000000000000001,0.0131
1990-01-31,0.005699999999999999,-0.07742419277108434,-0.0121,0.0083,-0.0298,-0.011200000000000002,0.013999999999999999
1990-02-28,0.005699999999999999,0.009777607214428854,0.0115,0.006500000000000001,-0.0051,-0.0004,-0.0060999999999999995
1990-03-30,0.0064,0.013918486,0.0159,-0.028999999999999998,0.0172,0.0199,-0.009399999999999999
1990-04-30,0.0069,-0.04746071,-0.0034999999999999996,-0.025699999999999997,0.022799999999999997,0.0178,-0.01
1990-05-31,0.0068000000000000005,0.085620004,-0.0241,-0.038900000000000004,0.031400000000000004,0.0168,-0.0163
1990-06-29,0.0063,-0.018298352705410827,0.0131,-0.02,0.024900000000000002,-0.009899999999999999,-0.0039000000000000003
1990-07-31,0.0068000000000000005,-0.024893124,-0.0315,-0.0006,0.0604,-0.001,0.0321
1990-08-31,0.0066,-0.10625421061047792,-0.0379,0.015600000000000001,0.0197,-0.0048,0.029900000000000003
1990-09-28,0.006,-0.07098424899598393,-0.037200000000000004,0.0059,0.0571,0.0003,0.0362
1990-10-31,0.0068000000000000005,-0.028154926000000004,-0.0506,0.0008,0.0674,0.0317,-0.0025
1990-11-30,0.005699999999999999,0.080850676,0.0002,-0.0297,-0.0536,0.0058,-0.0471
1990-12-31,0.006,0.030619376000000004,0.006,-0.015700000000000002,0.0025,0.026600000000000002,-0.019799999999999998
1991-01-31,0.0052,0.054147717434869735,0.0387,-0.0148,-0.0647,0.0134,-0.0407
1991-02-28,0.0048,0.07416117000000001,0.04019999999999999,-0.0062,-0.049400000000000006,-0.0006,-0.0034000000000000002
1991-03-28,0.0044,0.025760853707414825,0.0381,-0.013000000000000001,0.0271,-0.0052,-0.009899999999999999
1991-04-30,0.0053,0.004080892,0.0034999999999999996,0.0149,-0.0232,0.0067,0.008100000000000001
1991-05-31,0.004699999999999999,0.04456582364729458,0.0014000000000000002,-0.0052,-0.0009,0.0207,-0.0236
1991-06-28,0.0042,-0.050470586000000005,0.003,0.0108,0.0042,0.0175,0.0068000000000000005
1991-07-31,0.0049,0.03553422690763053,-0.01,-0.013000000000000001,0.0426,0.016,-0.0144
1991-08-30,0.0046,0.019737424000000003,0.014199999999999999,-0.0079,0.0158,0.0085,-0.0032
1991-09-30,0.0046,-0.019637218436873743,0.0158,-0.0123,0.0175,-0.0177,-0.0004
1991-10-31,0.0042,0.011944120000000006,0.0085,-0.0043,0.0318,-0.0165,-0.003
1991-11-29,0.0039000000000000003,-0.043731632000000006,-0.0088,-0.0177,0.0118,0.011000000000000001,-0.0012
1991-12-31,0.0038,0.103086619010446,-0.0241,-0.042300000000000004,0.08289999999999999,0.036699999999999997,-0.031400000000000004
1992-01-31,0.0034000000000000002,0.0033910641282565105,0.0919,0.0467,-0.025,-0.011699999999999999,0.0325
1992-02-28,0.0028000000000000004,0.019978812000000002,0.013000000000000001,0.06509999999999999,-0.006999999999999999,0.0007000000000000001,0.0225
1992-03-31,0.0034000000000000002,-0.02207679924141884,-0.0089,0.0349,-0.0021,-0.0006,0.0182
1992-04-30,0.0032,0.011019291164658634,-0.0575,0.0436,-0.0255,0.0165,0.024
1992-05-29,0.0028000000000000004,0.0040752779999999955,0.002,0.0111,0.0006,-0.0091,0.0049
1992-06-30,0.0032,-0.018918657314629262,-0.0276,0.032400000000000005,-0.005699999999999999,-0.0006,0.0095
1992-07-31,0.0031,0.03576897800000001,-0.006500000000000001,-0.0051,0.0147,0.0124,-0.0097
1992-08-31,0.0026,-0.025848169999999997,-0.0039000000000000003,-0.0109,-0.004699999999999999,0.0366,-0.016399999999999998
1992-09-30,0.0026,0.014812710000000002,0.004699999999999999,-0.0019,0.0144,0.0161,-0.0068000000000000005
1992-10-30,0.0023,0.015540811999999998,0.0209,-0.019799999999999998,0.025,0.011899999999999999,-0.0091
1992-11-30,0.0023,0.038891404000000004,0.0388,-0.0152,-0.0025,-0.0054,-0.0158
1992-12-31,0.0028000000000000004,0.016958173999999996,0.0165,0.0264,0.0433,-0.0052,0.0083
1993-01-29,0.0023,0.014626542,0.0194,0.059000000000000004,0.048499999999999995,-0.019,0.0294
1993-02-26,0.0022,0.010349533999999997,-0.0337,0.06480000000000001,0.0318,-0.004699999999999999,0.0415
1993-03-31,0.0025,0.02702844176706827,0.0009,0.0126,0.037000000000000005,-0.0022,0.008199999999999999
1993-04-30,0.0024,-0.025813693999999998,-0.008100000000000001,0.0255,0.0036,-0.0369,0.0138
1993-05-28,0.0022,0.02236661,0.0194,-0.0346,0.0021,-0.0014000000000000002,-0.0103
1993-06-30,0.0025,0.002968055999999997,0.0012,0.0264,0.045700000000000005,-0.0091,0.0116
1993-07-30,0.0024,-0.003662874,0.0096,0.0287,0.0322,-0.0184,0.020499999999999997
1993-08-31,0.0025,0.036649616,0.0008,0.0018,0.0254,-0.0152,0.0004
1993-09-30,0.0026,-0.005440712000000002,0.0302,-0.0024,0.0339,0.0025,-0.0019
1993-10-29,0.0022,0.00540805220883534,0.018600000000000002,-0.0278,-0.026699999999999998,0.0060999999999999995,0.005600000000000001
1993-11-30,0.0025,-0.018558222444889777,-0.0131,-0.0078000000000000005,-0.04769999999999999,0.0219,-0.0103
1993-12-31,0.0023,0.022144694647246492,0.013500000000000002,0.0025,0.0233,0.011399999999999999,-0.0034999999999999996
1994-01-31,0.0025,0.022304375502008037,-0.0005,0.011000000000000001,0.0011,-0.0154,0.0139
1994-02-28,0.0021,-0.023557314,0.0262,-0.0152,-0.0034000000000000002,0.0208,-0.009399999999999999
1994-03-31,0.0027,-0.04285337074148297,-0.0103,0.0167,-0.0132,0.006500000000000001,0.0139
1994-04-29,0.0027,0.007344811623246493,-0.01,0.0166,0.0033,0.0105,0.011399999999999999
1994-05-31,0.0032,0.0038015360000000042,-0.024900000000000002,0.006,-0.020499999999999997,0.0064,0.006
1994-06-30,0.0031,-0.027291589999999998,-0.0052,0.0177,-0.009000000000000001,0.0105,0.015
1994-07-29,0.0028000000000000004,0.03127826052104209,-0.0187,0.0060999999999999995,0.0011,-0.0066,0.001
1994-08-31,0.0037,0.04044018724263454,0.0144,-0.0255,0.0154,0.0098,-0.0152
1994-09-30,0.0037,-0.03142462248995984,0.0271,-0.0181,0.0132,0.005600000000000001,0.0106
1994-10-31,0.0038,0.008204040080160322,-0.0222,-0.0166,0.0131,0.0018,-0.0073
1994-11-30,0.0037,-0.04124347548948297,0.0009,-0.0073,-0.0012,0.0048,-0.0053
1994-12-30,0.0044,0.006095651302605208,-0.0005,-0.0009,0.0345,0.004,0.0036
1995-01-31,0.0042,0.024115024847632005,-0.030699999999999998,0.0259,-0.0184,0.0015,-0.006500000000000001
1995-02-28,0.004,0.04216718436873748,-0.0049,0.009899999999999999,-0.004699999999999999,0.0060999999999999995,-0.004
1995-03-31,0.0046,0.019279287726358143,-0.0053,-0.0213,0.0045000000000000005,-0.0013,0.0023
1995-04-28,0.0044,0.015898257999999995,-0.0026,0.0167,0.018000000000000002,0.0043,0.008199999999999999
1995-05-31,0.0054,0.03146803815261044,-0.0217,0.022799999999999997,-0.0055000000000000005,0.0040999999999999995,0.0001
1995-06-30,0.004699999999999999,0.024690682,0.0305,-0.0254,0.0301,-0.0023,-0.0239
1995-07-31,0.0045000000000000005,0.032807694779116464,0.0212,-0.0158,0.026000000000000002,0.0022,-0.0158
1995-08-31,0.004699999999999999,0.007845,0.017,0.0268,0.0005,-0.011699999999999999,0.0149
1995-09-29,0.0043,0.02520170541082164,-0.018600000000000002,-0.0011,0.0286,0.009899999999999999,0.004
1995-10-31,0.004699999999999999,-0.022074453815261044,-0.0407,-0.0049,0.0417,0.019299999999999998,-0.001
1995-11-30,0.0042,0.045583848193764584,-0.0106,0.0052,-0.0072,-0.005699999999999999,0.01
1995-12-29,0.0049,0.008543385356133328,0.006500000000000001,0.0024,0.0248,-0.0144,0.0302
1996-01-31,0.0043,0.022619165656565653,-0.0264,0.0046,0.005699999999999999,0.0026,0.023
1996-02-29,0.0039000000000000003,0.008484570281124499,0.0177,-0.0105,0.005699999999999999,0.0016,-0.0189
1996-03-29,0.0039000000000000003,0.014350486110732932,0.015600000000000001,0.0042,-0.018500000000000003,0.0144,-0.0095
1996-04-30,0.0046,0.015232058585858587,0.047,-0.0397,-0.009399999999999999,-0.002,-0.0203
1996-05-31,0.0042,0.010600124248496993,0.0323,-0.009000000000000001,0.016200000000000003,0.0003,-0.0033
1996-06-28,0.004,-0.006699458917835672,-0.036699999999999997,0.0233,0.0102,0.035,0.012
1996-07-31,0.0045000000000000005,-0.0536869357429719,-0.0378,0.0519,-0.0015,0.028999999999999998,0.0268
1996-08-30,0.0040999999999999995,0.032542886,0.0258,-0.008199999999999999,-0.0002,-0.0038,-0.024700000000000003
1996-09-30,0.0044,0.044912619238476954,-0.0141,-0.0274,0.026699999999999998,0.013000000000000001,-0.0213
1996-10-31,0.0042,0.014230838000000003,-0.0379,0.048799999999999996,0.037200000000000004,0.0138,0.0297
1996-11-29,0.0040999999999999995,0.061066156,-0.0382,0.013999999999999999,-0.0235,0.0206,-0.0069
1996-12-31,0.0046,-0.018418307228915666,0.0319,0.0128,0.0053,0.0023,0.0149
1997-01-31,0.0045000000000000005,0.03492144176706827,-0.0182,-0.0144,0.0187,0.012199999999999999,-0.0007000000000000001
1997-02-28,0.0039000000000000003,0.005402559999999999,-0.0254,0.056100000000000004,-0.0218,0.0072,0.0347
1997-03-31,0.0043,-0.04183410471584,-0.0040999999999999995,0.0339,0.0088,0.0039000000000000003,0.015300000000000001
1997-04-30,0.0043,0.029006536144578314,-0.057,0.0,0.0483,0.0336,-0.0102
1997-05-30,0.0049,0.060422175999999994,0.046799999999999994,-0.041100000000000005,-0.0519,-0.0104,-0.0276
1997-06-30,0.0037,0.034422597585513075,0.011699999999999999,0.0144,0.0259,0.005600000000000001,0.0045000000000000005
1997-07-31,0.0043,0.08289276180795582,-0.0274,0.0013,0.037000000000000005,0.0018,-0.0256
1997-08-29,0.0040999999999999995,-0.03043911096579477,0.075,0.0113,-0.025699999999999997,-0.0102,-0.0017000000000000001
1997-09-30,0.0044,0.05105205210420842,0.0248,0.0024,0.0146,-0.0158,-0.009300000000000001
1997-10-31,0.0042,-0.039848721442885766,-0.005600000000000001,0.0233,-0.0053,0.0075,0.020099999999999996
1997-11-28,0.0039000000000000003,0.030646849386491967,-0.0501,0.012199999999999999,0.0038,0.0308,0.0173
1997-12-31,0.0048,0.022663736947791162,-0.0209,0.0374,0.0391,0.0064,0.0195
1998-01-30,0.0043,-0.015383667334669336,-0.0128,-0.0168,0.0005,0.0091,-0.0062
1998-02-27,0.0039000000000000003,0.069686994,0.0005,-0.009300000000000001,-0.011899999999999999,-0.0037,-0.0258
1998-03-31,0.0039000000000000003,0.04492668614203815,-0.0073,0.0138,0.0213,-0.0055000000000000005,-0.0023
1998-04-30,0.0043,-0.0016742580645161286,0.0001,0.0103,0.0076,-0.0168,-0.0036
1998-05-29,0.004,-0.0337944248496994,-0.03,0.0341,0.0191,0.0103,0.024700000000000003
1998-06-30,0.0040999999999999995,0.009877474335731856,-0.0361,-0.0203,0.0726,-0.0026,-0.030299999999999997
1998-07-31,0.004,-0.0408641844068202,-0.052000000000000005,-0.0183,0.0379,0.016399999999999998,0.0076
1998-08-31,0.0043,-0.1492148112449799,-0.049699999999999994,0.035699999999999996,0.019,0.0335,0.057800000000000004
1998-09-30,0.0046,0.06156913238915695,-0.0089,-0.0351,-0.006500000000000001,-0.0184,-0.028399999999999998
1998-10-30,0.0032,0.07800552622108316,-0.0336,-0.0233,-0.0533,0.0088,0.0018
1998-11-30,0.0031,0.04385492741935484,0.0076,-0.032400000000000005,0.0113,-0.0092,-0.0092
1998-12-31,0.0038,0.04076312354207445,-0.015,-0.0425,0.08869999999999999,-0.0069,-0.0326
1999-01-29,0.0034999999999999996,-0.008717489919354834,-0.008199999999999999,-0.0446,0.028399999999999998,-0.027999999999999997,-0.0641
1999-02-26,0.0034999999999999996,-0.030413792000000002,-0.051500000000000004,0.0195,-0.0014000000000000002,-0.0123,0.0408
1999-03-31,0.0043,0.01502476861167002,-0.0437,-0.026099999999999998,-0.0121,-0.0405,-0.010700000000000001
1999-04-30,0.0037,0.07567977893441769,0.0452,0.024,-0.0898,-0.024700000000000003,0.0084
1999-05-28,0.0034000000000000002,-0.003924808853118713,0.0375,0.024900000000000002,-0.0525,0.0095,0.0318
1999-06-30,0.004,0.02839276912903226,0.023399999999999997,-0.0322,0.0466,0.009300000000000001,-0.0291
1999-07-30,0.0038,-0.030985533165602416,0.0254,-0.0018,0.017,0.0029,0.0327
1999-08-31,0.0039000000000000003,-0.03539154747474748,-0.0167,-0.019299999999999998,0.0298,-0.0024,0.0072
1999-09-30,0.0039000000000000003,-0.04228789529613655,0.0248,-0.028999999999999998,0.0638,-0.0096,-0.009899999999999999
1999-10-29,0.0039000000000000003,0.03953275910931174,-0.0713,-0.0288,0.0545,-0.0175,-0.0087
1999-11-30,0.0036,-0.0010033259112580658,0.056900000000000006,-0.0565,0.054900000000000004,-0.0418,-0.0184
1999-12-31,0.0044,0.029135134808853116,0.051,-0.0766,0.13140000000000002,-0.08,-0.0587
2000-01-31,0.0040999999999999995,-0.04982541649899397,0.0421,-0.011200000000000002,0.018600000000000002,-0.061500000000000006,0.045599999999999995
2000-02-29,0.0043,-0.030306807228915662,0.18460000000000001,-0.0977,0.1802,-0.1895,-0.0113
2000-03-31,0.004699999999999999,0.09630348893360162,-0.15539999999999998,0.085,-0.06849999999999999,0.1165,-0.012
2000-04-28,0.0046,-0.0005962449799196794,-0.0475,0.0645,-0.086,0.08070000000000001,0.056299999999999996
2000-05-31,0.005,0.004082718562288304,-0.038599999999999995,0.045899999999999996,-0.08990000000000001,0.0405,0.0147
2000-06-30,0.004,-0.02126002726955645,0.09949999999999999,-0.08039999999999999,0.1663,-0.08310000000000001,-0.0317
2000-07-31,0.0048,-0.005957901209677419,-0.009399999999999999,0.0806,-0.0016,0.0572,0.0298
2000-08-31,0.005,0.0699552718602495,-0.0095,-0.0137,0.0559,-0.030600000000000002,0.0121
2000-09-29,0.0051,-0.01398315120967742,0.0027,0.0724,0.0189,0.027000000000000003,0.0554
2000-10-31,0.005600000000000001,0.011005669354838713,-0.0258,0.0558,-0.045599999999999995,0.09539999999999998,0.0371
2000-11-30,0.0051,-0.04801633913595152,-0.0034999999999999996,0.12240000000000001,-0.0217,0.1305,0.08349999999999999
2000-12-29,0.005,0.07012954682971428,0.0326,0.0755,0.0659,0.0192,0.0482
2001-01-31,0.0054,0.022387218232112906,0.052300000000000006,-0.050499999999999996,-0.2535,-0.052000000000000005,-0.0521
2001-02-28,0.0038,-0.04096595874976659,0.0287,0.1223,0.126,0.09119999999999999,0.0901
2001-03-30,0.0042,-0.04516064658634539,0.0233,0.0647,0.08650000000000001,0.0334,0.037200000000000004
2001-04-30,0.0039000000000000003,0.07056892785571142,-0.0088,-0.0464,-0.0801,-0.0318,-0.0319
2001-05-31,0.0032,0.018562292788488977,0.0355,0.0338,0.0215,0.0029,0.0195
2001-06-29,0.0028000000000000004,-0.019302241935483872,0.0669,-0.0126,0.0062,0.015700000000000002,-0.0167
2001-07-31,0.003,-0.0007131062124248497,-0.0286,0.0495,0.0548,0.0729,0.028999999999999998
2001-08-31,0.0031,-0.03966676860190141,0.0254,0.0286,0.0546,0.0381,0.0653
2001-09-28,0.0028000000000000004,-0.1056596238192771,-0.0574,0.0152,0.11380000000000001,0.050300000000000004,0.0335
2001-10-31,0.0022,0.02444158032128514,0.053399999999999996,-0.0731,-0.0832,-0.0298,-0.0436
2001-11-30,0.0017000000000000001,0.07608385513078472,-0.0036,0.0217,-0.0861,-0.0349,-0.0168
2001-12-31,0.0015,0.029992427419354838,0.051100000000000007,0.0083,0.0002,0.0026,-0.0028000000000000004
2002-01-31,0.0014000000000000002,0.002024563907098791,0.0128,0.0342,0.0365,0.0473,0.028300000000000002
2002-02-28,0.0013,-0.008058643286573148,-0.0038,0.023399999999999997,0.0683,0.0803,0.051
2002-03-28,0.0013,0.05353915430861723,0.0415,0.0108,-0.0169,-0.0183,0.0066
2002-04-30,0.0015,-0.025836422,0.0663,0.0401,0.077,0.045899999999999996,0.0535
2002-05-31,0.0014000000000000002,-0.006307179074446683,-0.030699999999999998,0.0152,0.030899999999999997,0.0231,0.0253
2002-06-28,0.0013,-0.07077521126760564,0.037599999999999995,0.0037,0.062400000000000004,0.0392,0.026600000000000002
2002-07-31,0.0015,-0.09096864328657314,-0.0633,-0.0351,0.0363,0.0384,-0.011000000000000001
2002-08-30,0.0014000000000000002,0.007182036072144288,-0.0128,0.0301,0.0187,0.0137,-0.013999999999999999
2002-09-30,0.0014000000000000002,-0.09496798000000001,0.0305,0.0126,0.09179999999999999,0.0329,-0.0229
2002-10-31,0.0014000000000000002,0.052568474000000004,-0.0429,-0.037599999999999995,-0.0558,-0.0316,0.0073
2002-11-29,0.0012,0.06532670682730923,0.0294,-0.0116,-0.1643,-0.0925,0.0516
2002-12-31,0.0011,-0.04480473146292585,0.0055000000000000005,0.021099999999999997,0.09720000000000001,0.0632,-0.0179
2003-01-31,0.001,-0.027866076152304613,0.0070999999999999995,-0.0079,0.0159,-0.009300000000000001,0.0069
2003-02-28,0.0009,-0.018646432865731467,-0.0087,-0.013600000000000001,0.0121,0.0079,-0.0068000000000000005
2003-03-31,0.001,0.007618722891566262,0.0077,-0.021099999999999997,0.013999999999999999,0.0168,-0.008100000000000001
2003-04-30,0.001,0.07497165392354126,0.011399999999999999,0.012199999999999999,-0.0935,-0.046799999999999994,0.0098
2003-05-30,0.0009,0.078960208,0.0478,0.006999999999999999,-0.1075,-0.0694,0.030699999999999998
2003-06-30,0.001,0.005329731462925853,0.0165,0.0014000000000000002,-0.0123,0.0044,-0.004
2003-07-31,0.0007000000000000001,0.029336637274549097,0.044000000000000004,-0.015300000000000001,-0.003,-0.038900000000000004,0.0152
2003-08-29,0.0007000000000000001,0.036247928000000006,0.023700000000000002,0.016399999999999998,-0.0053,-0.0229,0.0215
2003-09-30,0.0008,-0.013243250000000002,0.005699999999999999,0.0014000000000000002,-0.0007000000000000001,0.009000000000000001,0.0040999999999999995
2003-10-31,0.0007000000000000001,0.07240089799999999,0.0263,0.022099999999999998,0.0401,-0.0138,0.0165
2003-11-28,0.0007000000000000001,0.022365649298597193,0.0231,0.0172,0.013600000000000001,0.0021,0.0168
2003-12-31,0.0008,0.039155785571142285,-0.025099999999999997,0.0151,-0.0554,0.005699999999999999,0.0085
2004-01-30,0.0007000000000000001,0.014371729458917834,0.0246,0.0242,0.025699999999999997,-0.036000000000000004,0.0333
2004-02-27,0.0006,0.020319981927710846,-0.0092,0.0095,-0.011699999999999999,0.0213,-0.011699999999999999
2004-03-31,0.0009,-0.007523673938012,0.021099999999999997,0.0023,0.0019,0.0165,-0.0098
2004-04-30,0.0008,-0.02241128857715431,-0.0206,-0.0323,-0.053399999999999996,0.0346,-0.028300000000000002
2004-05-28,0.0006,0.01899253,-0.004,-0.0018,0.0149,-0.011699999999999999,0.0001
2004-06-30,0.0008,0.020640219268544,0.0252,0.0121,0.0208,0.011200000000000002,-0.0031
2004-07-30,0.001,-0.040125440643863176,-0.0292,0.0322,-0.022400000000000003,0.0521,-0.0168
2004-08-31,0.0011,0.0014244695785070192,-0.0118,0.0108,-0.0155,0.0121,-0.013500000000000002
2004-09-30,0.0011,0.02784179468097395,0.0322,-0.0005,0.0548,-0.0149,-0.0172
2004-10-29,0.0011,0.01879794099875703,0.0015,-0.0026,-0.0143,-0.0053,0.0040999999999999995
2004-11-30,0.0015,0.0499244869739479,0.0412,0.015700000000000002,0.0308,-0.0052,-0.0018
2004-12-31,0.0016,0.037353408000000005,-0.0004,-0.0023,-0.0285,-0.010700000000000001,0.0039000000000000003
2005-01-31,0.0016,-0.02488862124248497,-0.0111,0.0206,0.0296,0.027999999999999997,-0.0141
2005-02-28,0.0016,0.024243842,-0.003,0.0141,0.034300000000000004,0.0132,-0.0021
2005-03-31,0.0021,-0.013087720321931588,-0.0141,0.0207,0.0043,0.0044,0.0134
2005-04-29,0.0021,-0.029650983967935876,-0.0397,0.0005,-0.0068000000000000005,0.0097,-0.0085
2005-05-31,0.0024,0.038604658,0.0276,-0.0058,0.0037,-0.0102,0.0028000000000000004
2005-06-30,0.0023,0.01496524649298597,0.0326,0.027999999999999997,0.0207,0.0087,-0.0052
2005-07-29,0.0024,0.046755208835341365,0.0276,-0.0078000000000000005,0.0003,-0.011899999999999999,-0.0078000000000000005
2005-08-31,0.003,-0.01488957640227823,-0.009399999999999999,0.0134,0.0207,-0.0196,0.0038
2005-09-30,0.0029,0.0068451054495531054,-0.0031,0.0078000000000000005,0.0346,0.0026,-0.0060999999999999995
2005-10-31,0.0027,-0.027360853707414833,-0.015,0.0043,-0.011899999999999999,-0.006999999999999999,-0.0126
2005-11-30,0.0031,0.03740843661971831,0.009000000000000001,-0.011899999999999999,0.0034000000000000002,-0.0079,-0.0109
2005-12-30,0.0032,0.0032238881471931594,-0.0025,0.0015,0.0078000000000000005,0.0018,0.002
2006-01-31,0.0034999999999999996,0.03424735051466399,0.0583,0.009899999999999999,0.0252,-0.0066,-0.0034999999999999996
2006-02-28,0.0034000000000000002,-0.002707983638917834,-0.0046,-0.0031,-0.0178,-0.0054,0.019799999999999998
2006-03-31,0.0037,0.013968203874507012,0.0334,0.0060999999999999995,0.0126,0.0003,-0.0044
2006-04-28,0.0036,0.009391676767676767,-0.0079,0.0226,0.006,0.0174,-0.0013
2006-05-31,0.0043,-0.03594960441767068,-0.028999999999999998,0.023799999999999998,-0.0366,0.0087,0.015300000000000001
2006-06-30,0.004,-0.005633251509054327,-0.0024,0.0085,0.0155,0.0132,-0.0013
2006-07-31,0.004,-0.015646092000000007,-0.036000000000000004,0.0262,-0.0204,0.0163,0.0084
2006-08-31,0.0042,0.015007672032193161,0.0045000000000000005,-0.0195,-0.0336,-0.0181,0.021400000000000002
2006-09-29,0.0040999999999999995,0.016976598547935998,-0.0139,0.0006,-0.0098,0.0078000000000000005,0.0046
2006-10-31,0.0040999999999999995,0.030700947838991986,0.019799999999999998,-0.0033,-0.0025,-0.0011,0.0032
2006-11-30,0.0042,0.020834496289151513,0.0063,0.0004,-0.0104,0.002,-0.008
2006-12-29,0.004,0.0015950578170281096,-0.008100000000000001,0.0274,0.0079,-0.006500000000000001,0.018799999999999997
2007-01-31,0.0044,0.020129797188755016,0.0002,-0.0068000000000000005,0.0017000000000000001,0.0019,0.004
2007-02-28,0.0038,-0.005333678714859436,0.013300000000000001,-0.0008,-0.0129,-0.0052,-0.0066
2007-03-30,0.0043,0.004182848790322583,0.0014000000000000002,-0.0088,0.0258,0.0055000000000000005,-0.0067
2007-04-30,0.0044,0.0357128376753507,-0.0208,-0.0144,-0.0016,0.0118,0.0101
2007-05-31,0.0040999999999999995,0.03217971142284569,0.0033,-0.0059,-0.0033,0.0147,-0.0126
2007-06-29,0.004,-0.024845886050569137,0.006999999999999999,-0.0105,0.0052,0.0049,0.0006
2007-07-31,0.004,-0.04410066330645161,-0.0305,-0.0368,0.028399999999999998,0.0026,-0.0116
2007-08-31,0.0042,0.0007289579158316585,-0.0033,-0.0187,-0.0003,-0.0127,-0.005699999999999999
2007-09-28,0.0032,0.023776235412835002,-0.024399999999999998,-0.0217,0.0443,-0.0049,-0.0294
2007-10-31,0.0032,0.018648542510121456,-0.0003,-0.0287,0.050300000000000004,-0.0033,0.0006
2007-11-30,0.0034000000000000002,-0.05043516767676768,-0.0291,-0.0109,0.011200000000000002,0.0175,-0.0036
2007-12-31,0.0027,-0.014418852525252528,0.0018,-0.0051,0.06559999999999999,0.009000000000000001,-0.010700000000000001
2008-01-31,0.0021,-0.05615674749498998,-0.0063,0.04,-0.0774,0.0212,0.0206
2008-02-29,0.0013,-0.025390502000000002,-0.0064,-0.0072,0.0613,0.010700000000000001,-0.0097
2008-03-31,0.0017000000000000001,-0.018612030120481925,0.0059,0.0031,0.0425,0.0089,0.004699999999999999
2008-04-30,0.0018,0.05385852505010019,-0.0116,-0.0096,-0.0033,0.0181,-0.0256
2008-05-30,0.0018,0.03357725050100201,0.0304,-0.015,0.0339,0.0092,0.0014000000000000002
2008-06-30,0.0017000000000000001,-0.0854482605210421,0.0116,-0.025099999999999997,0.12710000000000002,0.049800000000000004,-0.0069
2008-07-31,0.0015,-0.01284594388777555,0.0371,0.052000000000000005,-0.050199999999999995,-0.013600000000000001,0.009899999999999999
2008-08-29,0.0013,0.01700390380761523,0.032799999999999996,0.0152,-0.044800000000000006,0.0183,0.0066
2008-09-30,0.0015,-0.11208986868686868,0.0038,0.056600000000000004,0.0086,0.024,0.017
2008-10-31,0.0008,-0.19216929718875503,-0.030600000000000002,-0.0189,0.0787,0.0273,0.0138
2008-11-28,0.0003,-0.07787540524193548,-0.04,-0.0621,0.0728,0.0467,0.0239
2008-12-31,0.0,0.0310683694439497,0.0333,0.0005,-0.0509,0.0003,-0.0152
2009-01-30,0.0,-0.0732897595959596,-0.0209,-0.11019999999999999,-0.0236,0.0,-0.0116
2009-02-27,0.0001,-0.1041528236472946,-0.011699999999999999,-0.066,0.0436,0.0101,-0.0062
2009-03-31,0.0002,0.094494896,0.0059,0.0348,-0.1183,-0.0258,-0.02
2009-04-30,0.0001,0.1305758857715431,0.07139999999999999,0.0538,-0.34340000000000004,0.0134,0.005
2009-05-29,0.0,0.043616772,-0.022400000000000003,0.0040999999999999995,-0.1253,-0.008100000000000001,-0.0199
2009-06-30,0.0001,0.0037782220000000025,0.0227,-0.0276,0.0545,-0.0141,-0.0037
2009-07-31,0.0001,0.083940792,0.0231,0.0489,-0.0554,-0.0026,0.0308
2009-08-31,0.0001,0.037857987999999995,-0.001,0.076,-0.091,-0.0285,0.033
2009-09-30,0.0001,0.045417692,0.027200000000000002,0.0115,-0.0487,0.0115,0.0034000000000000002
2009-10-30,0.0,-0.030360885771543084,-0.048499999999999995,-0.0417,0.024900000000000002,0.042199999999999994,-0.0148
2009-11-30,0.0,0.0535218032128514,-0.0276,-0.0033,0.0039000000000000003,0.009000000000000001,0.0
2009-12-31,0.0001,0.04331908658250902,0.061399999999999996,-0.0011,0.03,0.0070999999999999995,-0.0009
2010-01-29,0.0,-0.03428358953722334,0.004,0.0033,-0.0533,-0.0108,0.0051
2010-02-26,0.0,0.046422595232724344,0.0149,0.0318,0.0369,-0.0029,0.014199999999999999
2010-03-31,0.0001,0.06274528571428571,0.0183,0.0219,0.035699999999999996,-0.0060999999999999995,0.0174
2010-04-30,0.0001,0.02682858835341366,0.0496,0.0296,0.0316,0.0060999999999999995,0.0175
2010-05-28,0.0001,-0.073797372,0.0008,-0.0248,-0.002,0.013000000000000001,-0.0024
2010-06-30,0.0001,-0.05711448192771084,-0.0242,-0.0473,-0.027000000000000003,-0.001,-0.0158
2010-07-30,0.0001,0.06854077464788733,0.0004,-0.005,0.0178,0.0017000000000000001,0.0202
2010-08-31,0.0001,-0.048098340681362727,-0.030600000000000002,-0.0173,0.0004,0.006,-0.016
2010-09-30,0.0001,0.10123152890561524,0.0365,-0.0302,0.0138,-0.0019,0.0038
2010-10-29,0.0001,0.03545310060362173,0.0073,-0.0246,0.0146,0.0128,-0.0038
2010-11-30,0.0001,0.015029545090180358,0.0354,-0.009000000000000001,0.0273,0.0032,0.0179
2010-12-31,0.0001,0.069432188,0.0097,0.0356,-0.03,-0.0342,0.0317
2011-01-31,0.0001,0.020299170000000002,-0.0231,0.0060999999999999995,-0.003,-0.0064,0.008100000000000001
2011-02-28,0.0001,0.038380633444673344,0.0165,0.0118,0.018799999999999997,-0.0183,0.0084
2011-03-31,0.0001,0.014908358313228915,0.0256,-0.0184,0.0345,0.0173,-0.0007000000000000001
2011-04-29,0.0,0.029072895582329315,-0.0053,-0.024399999999999998,0.0005,0.011200000000000002,-0.0086
2011-05-31,0.0,-0.005477847815999999,-0.0072,-0.018500000000000003,-0.006,0.0192,-0.0143
2011-06-30,0.0,-0.018550090543259557,0.0006,-0.002,0.0182,0.0227,-0.014199999999999999
2011-07-29,0.0,-0.033705581162324645,-0.0111,-0.0091,0.002,0.0268,-0.0173
2011-08-31,0.0001,-0.06546888376753507,-0.030899999999999997,-0.024300000000000002,-0.0027,0.0341,-0.0026
2011-09-30,0.0,-0.08434560843373495,-0.0349,-0.015300000000000001,-0.024,0.0199,0.0015
2011-10-31,0.0,0.12580662525050101,0.0325,0.0006,-0.013999999999999999,-0.0225,-0.0073
2011-11-30,0.0,-0.0013364999999999976,-0.003,-0.0052,0.0388,0.0194,0.0144
2011-12-30,0.0,-0.0017916807228915666,-0.0029,0.0154,0.0183,0.0106,0.024700000000000003
2012-01-31,0.0,0.0571114248496994,0.0202,-0.009300000000000001,-0.0801,-0.0206,-0.0148
2012-02-29,0.0,0.038595556,-0.0167,0.0042,-0.0026,-0.0036,-0.0008
2012-03-30,0.0,0.0228115,-0.0048,0.011899999999999999,0.0131,-0.0060999999999999995,0.006999999999999999
2012-04-30,0.0,-0.005864212851405621,-0.005,-0.0077,0.037200000000000004,0.013000000000000001,0.0066
2012-05-31,0.0001,-0.06806362977867203,-0.0008,-0.0095,0.0644,0.0203,0.0236
2012-06-29,0.0,0.029672235999999998,0.0089,0.0055000000000000005,-0.011000000000000001,-0.0106,0.0045000000000000005
2012-07-31,0.0,0.001546579476861168,-0.0281,-0.0006,0.03,0.0104,0.0001
2012-08-31,0.0001,0.03163526706827309,0.0044,0.0123,-0.0235,-0.015,-0.0086
2012-09-28,0.0001,0.023107890002304,0.005699999999999999,0.016200000000000003,-0.0113,-0.013000000000000001,0.015600000000000001
2012-10-31,0.0001,-0.005836625754527164,-0.0083,0.0352,0.0005,-0.013999999999999999,0.0252
2012-11-30,0.0001,0.01293572,0.004,-0.0086,0.0053,0.0038,0.008100000000000001
2012-12-31,0.0001,0.018194261044176707,0.0192,0.0348,-0.029300000000000003,-0.0172,0.008
2013-01-31,0.0,0.06856356713426853,0.0042,0.0101,-0.0182,-0.020099999999999996,0.0152
2013-02-28,0.0,0.014711567154839993,-0.0025,0.0021,0.0123,-0.0059,0.0060999999999999995
2013-03-28,0.0,0.044451685370741484,0.0088,-0.0022,0.0192,0.0027,0.0141
2013-04-30,0.0,0.013405854000000004,-0.022400000000000003,0.0044,0.0022,0.0039000000000000003,0.0043
2013-05-31,0.0,0.026065736947791164,0.0204,0.026699999999999998,-0.020099999999999996,-0.02,-0.0095
2013-06-28,0.0,-0.014087847389558235,0.0154,-0.0005,0.0043,-0.0028000000000000004,-0.0006
2013-07-31,0.0,0.06166729659318637,0.0175,0.0058,0.0174,-0.013500000000000002,0.005699999999999999
2013-08-30,0.0,-0.02476656,-0.0003,-0.0273,0.0004,0.0070999999999999995,-0.0217
2013-09-30,0.0,0.04325677872606024,0.0265,-0.0118,0.0302,-0.0054,-0.0132
2013-10-31,0.0,0.03678898189134809,-0.015,0.012199999999999999,0.0002,0.0275,0.0089
2013-11-29,0.0,0.025285846,0.0144,0.0019,0.0039000000000000003,0.0026,0.0006
2013-12-31,0.0,0.02900969879518072,-0.0044,0.0,0.0002,-0.0058,0.0008
2014-01-31,0.0,-0.027766701402805613,0.006,-0.0199,0.0161,-0.0391,-0.0154
2014-02-28,0.0,0.05333721643286573,0.0013,-0.0034999999999999996,0.0213,-0.0025,-0.0054
2014-03-31,0.0,0.003916230460921844,-0.0113,0.049,-0.0327,0.0202,0.0192
2014-04-30,0.0,-0.0018392125345620001,-0.0407,0.012199999999999999,-0.0382,0.034,0.009300000000000001
2014-05-30,0.0,0.021597142570281128,-0.018600000000000002,-0.001,0.0089,-0.0009,-0.0096
2014-06-30,0.0,0.030616446369263996,0.030600000000000002,-0.0070999999999999995,0.006500000000000001,-0.0183,-0.0191
2014-07-31,0.0,-0.02580719238476954,-0.042,-0.0008,-0.0017000000000000001,0.009300000000000001,0.0051
2014-08-29,0.0,0.04495634538152611,0.0029,-0.005699999999999999,0.0083,-0.0064,-0.0069
2014-09-30,0.0,-0.0250014248496994,-0.0366,-0.0147,0.006,0.012,-0.0059
2014-10-31,0.0,0.028659816067579995,0.0366,-0.0163,-0.0021,-0.0039000000000000003,0.0021
2014-11-28,0.0,0.026607399598393578,-0.023,-0.0313,0.0069,0.015700000000000002,0.0014000000000000002
2014-12-31,0.0,0.005163260521042083,0.028300000000000002,0.0212,0.0103,-0.0121,0.009000000000000001
2015-01-30,0.0,-0.0246835856979697,-0.009300000000000001,-0.0345,0.0374,0.0158,-0.016399999999999998
2015-02-27,0.0,0.06166491365461847,0.0036,-0.0179,-0.031,-0.011000000000000001,-0.0175
2015-03-31,0.0,-0.006310259294366196,0.0308,-0.0038,0.027000000000000003,0.0007000000000000001,-0.0062
2015-04-30,0.0,0.0009132364729458879,-0.0301,0.018000000000000002,-0.0727,0.0005,-0.0062
2015-05-29,0.0,0.014349168674698787,0.008199999999999999,-0.0111,0.056799999999999996,-0.0176,-0.0083
2015-06-30,0.0,-0.015930034136546187,0.028999999999999998,-0.008199999999999999,0.0301,0.0034999999999999996,-0.0154
2015-07-31,0.0,0.01052862575452716,-0.0458,-0.0416,0.09970000000000001,0.0031,-0.024399999999999998
2015-08-31,0.0,-0.05455708634538152,0.0029,0.0275,-0.0216,0.0066,0.0129
2015-09-30,0.0,-0.03311727655310621,-0.027999999999999997,0.0055000000000000005,0.0524,0.018000000000000002,-0.0059
2015-10-30,0.0,0.06931034851406613,-0.0206,-0.004699999999999999,-0.0319,0.0095,0.0060999999999999995
2015-11-30,0.0,0.006467967806841046,0.033,-0.0043,0.0229,-0.0265,-0.0106
2015-12-31,0.0001,-0.02662718309859155,-0.029500000000000002,-0.025699999999999997,0.0334,0.0034000000000000002,0.0012
2016-01-29,0.0001,-0.06269195686369416,-0.0344,0.0208,0.016,0.0278,0.0305
2016-02-29,0.0002,0.012891410462776661,0.0087,-0.0060999999999999995,-0.0435,0.0331,0.0194
2016-03-31,0.0002,0.07408088709677418,0.01,0.012199999999999999,-0.0504,0.0068000000000000005,0.0001
2016-04-29,0.0001,0.01370466064257028,0.0123,0.0322,-0.059800000000000006,-0.0285,0.0177
2016-05-31,0.0001,0.01714967474177465,-0.0062,-0.016200000000000003,0.0147,-0.011000000000000001,-0.0254
2016-06-30,0.0002,-0.0007386980859759039,0.0042,-0.0149,0.042,0.014499999999999999,0.019
2016-07-29,0.0002,0.038377959758551315,0.024700000000000003,-0.0124,-0.0331,0.0131,-0.0116
2016-08-31,0.0002,0.004324566000000002,0.0166,0.0317,-0.0341,-0.018500000000000003,-0.0036
2016-09-30,0.0002,0.00025886491935483947,0.0181,-0.011899999999999999,0.0026,-0.0218,0.0003
2016-10-31,0.0002,-0.0211164578313253,-0.04019999999999999,0.041100000000000005,0.0051,0.009899999999999999,0.0025
2016-11-30,0.0001,0.06306003,0.0696,0.08289999999999999,-0.04769999999999999,-0.0024,0.0371
2016-12-30,0.0003,0.010205607214428853,0.0044,0.0347,-0.0027,0.0124,-0.0032
2017-01-31,0.0004,0.02306128370221328,-0.0144,-0.0276,-0.009300000000000001,-0.0051,-0.0106
2017-02-28,0.0004,0.034968222444889785,-0.023,-0.015,-0.0151,0.0045000000000000005,-0.018000000000000002
2017-03-31,0.0003,-0.0005457550200803226,0.0075,-0.0333,-0.0097,0.0063,-0.0095
2017-04-28,0.0005,0.008419426853707418,0.0040999999999999995,-0.020499999999999997,0.0048,0.0179,-0.016
2017-05-31,0.0006,0.009476223456395998,-0.029900000000000003,-0.0382,0.015,0.009899999999999999,-0.0166
2017-06-30,0.0006,0.011109104417670684,0.0252,0.015,-0.001,-0.0226,0.0004
2017-07-31,0.0007000000000000001,0.014480034136546187,-0.016399999999999998,-0.0023,0.0163,-0.0075,-0.0015
2017-08-31,0.0009,-0.006129397920777553,-0.0183,-0.0213,0.0331,0.002,-0.023799999999999998
2017-09-29,0.0009,0.02995472379032258,0.047599999999999996,0.0315,-0.013500000000000002,-0.0154,0.0163
2017-10-31,0.0009,0.01884205230016,-0.0191,0.0013,0.0421,0.0092,-0.031400000000000004
2017-11-30,0.0008,0.03997697194388777,-0.0038,-0.0009,-0.009399999999999999,0.0319,-0.001
2017-12-29,0.0009,0.010943647294589178,-0.0105,0.0005,-0.0155,0.0073,0.0179
2018-01-31,0.0011,0.046947338000000005,-0.0321,-0.0132,0.0408,-0.0075,-0.0105
2018-02-28,0.0011,-0.0407028256513026,0.0034000000000000002,-0.011000000000000001,0.0368,0.0053,-0.0236
2018-03-29,0.0012,-0.00934651,0.0361,-0.0021,-0.012,-0.0040999999999999995,0.0008
2018-04-30,0.0014000000000000002,1.715600000000016e-05,0.0089,0.0053,0.0045000000000000005,-0.0242,0.0124
2018-05-31,0.0014000000000000002,0.0166742745490982,0.0471,-0.031400000000000004,0.0391,-0.019799999999999998,-0.0149
2018-06-29,0.0014000000000000002,0.004564637096774192,0.0077,-0.0233,-0.0226,0.0083,0.002
2018-07-31,0.0016,0.032362630522088355,-0.019299999999999998,0.0049,-0.0143,0.015300000000000001,0.0031
2018-08-31,0.0016,0.023756310000000003,0.006500000000000001,-0.0391,0.053,-0.0029,-0.025699999999999997
2018-09-28,0.0015,0.0009794289976240026,-0.024900000000000002,-0.016200000000000003,-0.0008,0.006500000000000001,0.013600000000000001
2018-10-31,0.0019,-0.08114193775100402,-0.0438,0.0338,-0.0206,0.0103,0.036000000000000004
2018-11-30,0.0018,0.02649022983870968,-0.008100000000000001,0.0036,-0.013999999999999999,-0.0060999999999999995,0.004
2018-12-31,0.0019,-0.1005214701084048,-0.0281,-0.0192,0.0176,-0.0003,0.0024
2019-01-31,0.0021,0.09386851067284568,0.0291,-0.0039000000000000003,-0.0862,-0.0073,-0.0165
2019-02-28,0.0018,0.039740503006012014,0.0172,-0.026600000000000002,0.005,0.0016,-0.0154
2019-03-29,0.0019,0.0049368429434216874,-0.0352,-0.0414,0.022400000000000003,0.0088,-0.009000000000000001
2019-04-30,0.0021,0.03738832128514057,-0.0115,0.0213,-0.0291,0.0161,-0.0218
2019-05-31,0.0021,-0.07033200601202405,-0.015600000000000001,-0.0245,0.0755,-0.0048,0.0176
2019-06-28,0.0018,0.07926892921248001,0.0037,-0.0064,-0.022400000000000003,0.0089,-0.0042
2019-07-31,0.0019,0.009568899396378273,-0.0182,0.005,0.0292,-0.0013,0.0037
2019-08-30,0.0016,-0.031364561122244485,-0.0325,-0.04769999999999999,0.0751,0.0053,-0.0062
2019-09-30,0.0018,0.022840140280561114,0.0029,0.0676,-0.0674,0.0182,0.0338
2019-10-31,0.0015,0.011422394789579156,0.0025,-0.0192,0.0013,0.0043,-0.0103
2019-11-29,0.0012,0.04122090380761523,0.0039000000000000003,-0.02,-0.0263,-0.016399999999999998,-0.011399999999999999
2019-12-31,0.0014000000000000002,0.024215696177062374,0.009899999999999999,0.0173,-0.0222,0.0005,0.011899999999999999
2020-01-31,0.0013,-0.016770024096385547,-0.0437,-0.0622,0.0602,-0.011899999999999999,-0.0219
2020-02-28,0.0012,-0.08865364600000002,0.0008,-0.0382,-0.0028000000000000004,-0.0143,-0.0253
2020-03-31,0.0012,-0.16799437,-0.0818,-0.1383,0.0821,-0.0161,0.011899999999999999
2020-04-30,0.0,0.13001256024096386,0.025699999999999997,-0.0134,-0.0548,0.0276,-0.0102
2020-05-29,0.0001,0.06156362124248497,0.0192,-0.05,0.0016,0.0096,-0.0316
2020-06-30,0.0001,0.009199741999999999,0.0195,-0.0217,-0.0083,0.0014000000000000002,0.0055000000000000005
2020-07-31,0.0001,0.053964258,-0.0319,-0.0144,0.0771,0.0038,0.0097
2020-08-31,0.0001,0.040611381999999994,-0.0089,-0.0302,0.0046,0.042699999999999995,-0.0151
2020-09-30,0.0001,-0.020700341472195998,-0.0001,-0.027200000000000002,0.0319,-0.0138,-0.019299999999999998
2020-10-30,0.0001,-0.00246555040322581,0.0467,0.0425,-0.031400000000000004,-0.0077,-0.005699999999999999
2020-11-30,0.0001,0.13063358,0.0712,0.0209,-0.1255,-0.0225,0.0128
2020-12-31,0.0001,0.04391487799999999,0.0493,-0.0168,-0.023700000000000002,-0.0197,-0.0006
2021-01-29,0.0,-0.003547771084337352,0.0681,0.0322,0.0431,-0.0365,0.049699999999999994
2021-02-26,0.0,0.04779059728153,0.045,0.07200000000000001,-0.079,0.0033,-0.0199
2021-03-31,0.0,0.052679362725450894,-0.0084,0.0735,-0.061200000000000004,0.0635,0.0352
2021-04-30,0.0,0.044919943661971835,-0.0316,-0.0102,0.0123,0.024300000000000002,-0.027200000000000002
2021-05-28,0.0,0.014017808,0.0127,0.0704,0.005600000000000001,0.023399999999999997,0.0301
2021-06-30,0.0,0.001134970000000002,-0.003,-0.0786,0.0207,-0.021400000000000002,-0.009300000000000001
2021-07-30,0.0,0.009475026052104204,-0.0455,-0.0179,-0.0218,0.055,-0.0059
2021-08-31,0.0,0.02161769138276553,-0.0066,-0.0023,0.0263,-0.0026,-0.0172
2021-09-30,0.0,-0.038874307999999996,0.011200000000000002,0.0512,0.0139,-0.0192,0.02
2021-10-29,0.0,0.058048188376753504,-0.027000000000000003,-0.0053,0.0332,0.0171,-0.0154
2021-11-30,0.0,-0.022129543999999994,-0.017,-0.0037,0.0096,0.0719,0.017
2021-12-31,0.0001,0.057324263052208835,-0.0078000000000000005,0.0325,-0.0239,0.048799999999999996,0.0429
2022-01-31,0.0,-0.048662836,-0.0401,0.1286,-0.0242,0.0077,0.07730000000000001
2022-02-28,0.0,-0.004140410821643286,0.0286,0.030600000000000002,0.0166,-0.0203,0.030299999999999997
2022-03-31,0.0,0.02679789579158317,-0.021099999999999997,-0.019,0.0294,-0.015,0.0321
2022-04-29,0.0,-0.06664664457831325,-0.0034999999999999996,0.061799999999999994,0.05,0.0341,0.0592
2022-05-31,0.0003,0.014964797188755022,-0.0003,0.08439999999999999,0.0254,0.0155,0.0395
2022-06-30,0.0006,-0.09082998797595192,0.013300000000000001,-0.06,0.0109,0.0176,-0.0458
2022-07-29,0.0008,0.09166878199999999,0.0178,-0.0415,-0.0436,0.0077,-0.06849999999999999
2022-08-31,0.0019,-0.027839109999999997,0.0149,0.0018,0.018500000000000003,-0.0478,0.0132
2022-09-30,0.0019,-0.08995708416833667,-0.0097,0.0003,0.036699999999999997,-0.0137,-0.0077
2022-10-31,0.0023,0.09260832865731464,0.0181,0.0797,0.039,0.0327,0.0643
2022-11-30,0.0029,0.06201347294589178,-0.0275,0.0148,-0.017,0.063,0.0315
2022-12-30,0.0033,-0.051618711422845694,-0.0019,0.0134,0.049100000000000005,0.0032,0.042800000000000005
2023-01-31,0.0034999999999999996,0.067050874,0.043899999999999995,-0.0394,-0.1617,-0.0242,-0.0443
2023-02-28,0.0034000000000000002,-0.032016794,0.0058,-0.008,0.0055000000000000005,0.0097,-0.0151
2023-03-31,0.0036,-0.00467565731462926,-0.0689,-0.09050000000000001,-0.0235,0.0227,-0.021
2023-04-28,0.0034999999999999996,-0.0008915780000000027,-0.025699999999999997,-0.0012,0.0176,0.0242,0.0285
2023-05-31,0.0036,-0.038761486000000005,-0.0043,-0.0779,-0.0088,-0.0178,-0.0708
2023-06-30,0.004,0.07237968,0.0128,-0.0013,-0.0269,0.0232,-0.0154
2023-07-31,0.0045000000000000005,0.028267450000000003,0.0286,0.0406,-0.0406,-0.0059,0.0066
2023-08-31,0.0045000000000000005,-0.030418287999999998,-0.0365,-0.0115,0.0378,0.0335,-0.0241
2023-09-29,0.0043,-0.051455822,-0.0178,0.0149,0.0033,0.0187,-0.0077
2023-10-31,0.004699999999999999,-0.04286644377510039,-0.0403,0.002,0.0167,0.0241,-0.0069
2023-11-30,0.0044,0.08268567134268535,-0.002,0.0167,0.0256,-0.0373,-0.0108
2023-12-29,0.0043,0.06100383567134268,0.0727,0.0489,-0.0553,-0.0297,0.0129
2024-01-31,0.004699999999999999,-0.008677454000000001,-0.0572,-0.023799999999999998,0.0542,0.0067,-0.0097
2024-02-29,0.0042,0.04162639679358717,-0.008199999999999999,-0.034300000000000004,0.049,-0.0206,-0.0217
2024-03-28,0.0043,0.04088601002004008,-0.0121,0.0416,-0.0032,0.013300000000000001,0.011399999999999999
2024-04-30,0.004699999999999999,-0.055784745999999996,-0.0259,-0.0045000000000000005,-0.0043,0.011399999999999999,-0.0031
2024-05-31,0.0044,0.021981036072144296,0.0059,-0.0131,-0.0016,0.0317,-0.0285
2024-06-28,0.0040999999999999995,-0.008447016,-0.0432,-0.0336,0.0085,0.005600000000000001,-0.018000000000000002
2024-07-31,0.0045000000000000005,0.04008434268537074,0.0834,0.0562,-0.0235,0.0026,0.0028000000000000004
2024-08-30,0.0048,0.015911753999999997,-0.0355,-0.011000000000000001,0.0481,0.0076,0.008199999999999999
2024-09-30,0.004,0.013493459999999999,-0.0092,-0.0277,-0.0062,0.002,-0.0029
2024-10-31,0.0039000000000000003,-0.015633058,-0.0089,0.0086,0.03,-0.0148,0.0098
2024-11-29,0.004,0.0659081883767535,0.045899999999999996,0.0015,0.01,-0.0231,-0.020499999999999997
