time_index_zero_based,time_index_one_based,raw_month_end_value,parsed_date,year_month
0,1,19891229.0,1989-12-29,1989-12
1,2,19900131.0,1990-01-31,1990-01
2,3,19900228.0,1990-02-28,1990-02
3,4,19900330.0,1990-03-30,1990-03
4,5,19900430.0,1990-04-30,1990-04
5,6,19900531.0,1990-05-31,1990-05
6,7,19900629.0,1990-06-29,1990-06
7,8,19900731.0,1990-07-31,1990-07
8,9,19900831.0,1990-08-31,1990-08
9,10,19900928.0,1990-09-28,1990-09
10,11,19901031.0,1990-10-31,1990-10
11,12,19901130.0,1990-11-30,1990-11
12,13,19901231.0,1990-12-31,1990-12
13,14,19910131.0,1991-01-31,1991-01
14,15,19910228.0,1991-02-28,1991-02
15,16,19910328.0,1991-03-28,1991-03
16,17,19910430.0,1991-04-30,1991-04
17,18,19910531.0,1991-05-31,1991-05
18,19,19910628.0,1991-06-28,1991-06
19,20,19910731.0,1991-07-31,1991-07
20,21,19910830.0,1991-08-30,1991-08
21,22,19910930.0,1991-09-30,1991-09
22,23,19911031.0,1991-10-31,1991-10
23,24,19911129.0,1991-11-29,1991-11
24,25,19911231.0,1991-12-31,1991-12
25,26,19920131.0,1992-01-31,1992-01
26,27,19920228.0,1992-02-28,1992-02
27,28,19920331.0,1992-03-31,1992-03
28,29,19920430.0,1992-04-30,1992-04
29,30,19920529.0,1992-05-29,1992-05
30,31,19920630.0,1992-06-30,1992-06
31,32,19920731.0,1992-07-31,1992-07
32,33,19920831.0,1992-08-31,1992-08
33,34,19920930.0,1992-09-30,1992-09
34,35,19921030.0,1992-10-30,1992-10
35,36,19921130.0,1992-11-30,1992-11
36,37,19921231.0,1992-12-31,1992-12
37,38,19930129.0,1993-01-29,1993-01
38,39,19930226.0,1993-02-26,1993-02
39,40,19930331.0,1993-03-31,1993-03
40,41,19930430.0,1993-04-30,1993-04
41,42,19930528.0,1993-05-28,1993-05
42,43,19930630.0,1993-06-30,1993-06
43,44,19930730.0,1993-07-30,1993-07
44,45,19930831.0,1993-08-31,1993-08
45,46,19930930.0,1993-09-30,1993-09
46,47,19931029.0,1993-10-29,1993-10
47,48,19931130.0,1993-11-30,1993-11
48,49,19931231.0,1993-12-31,1993-12
49,50,19940131.0,1994-01-31,1994-01
50,51,19940228.0,1994-02-28,1994-02
51,52,19940331.0,1994-03-31,1994-03
52,53,19940429.0,1994-04-29,1994-04
53,54,19940531.0,1994-05-31,1994-05
54,55,19940630.0,1994-06-30,1994-06
55,56,19940729.0,1994-07-29,1994-07
56,57,19940831.0,1994-08-31,1994-08
57,58,19940930.0,1994-09-30,1994-09
58,59,19941031.0,1994-10-31,1994-10
59,60,19941130.0,1994-11-30,1994-11
60,61,19941230.0,1994-12-30,1994-12
61,62,19950131.0,1995-01-31,1995-01
62,63,19950228.0,1995-02-28,1995-02
63,64,19950331.0,1995-03-31,1995-03
64,65,19950428.0,1995-04-28,1995-04
65,66,19950531.0,1995-05-31,1995-05
66,67,19950630.0,1995-06-30,1995-06
67,68,19950731.0,1995-07-31,1995-07
68,69,19950831.0,1995-08-31,1995-08
69,70,19950929.0,1995-09-29,1995-09
70,71,19951031.0,1995-10-31,1995-10
71,72,19951130.0,1995-11-30,1995-11
72,73,19951229.0,1995-12-29,1995-12
73,74,19960131.0,1996-01-31,1996-01
74,75,19960229.0,1996-02-29,1996-02
75,76,19960329.0,1996-03-29,1996-03
76,77,19960430.0,1996-04-30,1996-04
77,78,19960531.0,1996-05-31,1996-05
78,79,19960628.0,1996-06-28,1996-06
79,80,19960731.0,1996-07-31,1996-07
80,81,19960830.0,1996-08-30,1996-08
81,82,19960930.0,1996-09-30,1996-09
82,83,19961031.0,1996-10-31,1996-10
83,84,19961129.0,1996-11-29,1996-11
84,85,19961231.0,1996-12-31,1996-12
85,86,19970131.0,1997-01-31,1997-01
86,87,19970228.0,1997-02-28,1997-02
87,88,19970331.0,1997-03-31,1997-03
88,89,19970430.0,1997-04-30,1997-04
89,90,19970530.0,1997-05-30,1997-05
90,91,19970630.0,1997-06-30,1997-06
91,92,19970731.0,1997-07-31,1997-07
92,93,19970829.0,1997-08-29,1997-08
93,94,19970930.0,1997-09-30,1997-09
94,95,19971031.0,1997-10-31,1997-10
95,96,19971128.0,1997-11-28,1997-11
96,97,19971231.0,1997-12-31,1997-12
97,98,19980130.0,1998-01-30,1998-01
98,99,19980227.0,1998-02-27,1998-02
99,100,19980331.0,1998-03-31,1998-03
100,101,19980430.0,1998-04-30,1998-04
101,102,19980529.0,1998-05-29,1998-05
102,103,19980630.0,1998-06-30,1998-06
103,104,19980731.0,1998-07-31,1998-07
104,105,19980831.0,1998-08-31,1998-08
105,106,19980930.0,1998-09-30,1998-09
106,107,19981030.0,1998-10-30,1998-10
107,108,19981130.0,1998-11-30,1998-11
108,109,19981231.0,1998-12-31,1998-12
109,110,19990129.0,1999-01-29,1999-01
110,111,19990226.0,1999-02-26,1999-02
111,112,19990331.0,1999-03-31,1999-03
112,113,19990430.0,1999-04-30,1999-04
113,114,19990528.0,1999-05-28,1999-05
114,115,19990630.0,1999-06-30,1999-06
115,116,19990730.0,1999-07-30,1999-07
116,117,19990831.0,1999-08-31,1999-08
117,118,19990930.0,1999-09-30,1999-09
118,119,19991029.0,1999-10-29,1999-10
119,120,19991130.0,1999-11-30,1999-11
120,121,19991231.0,1999-12-31,1999-12
121,122,20000131.0,2000-01-31,2000-01
122,123,20000229.0,2000-02-29,2000-02
123,124,20000331.0,2000-03-31,2000-03
124,125,20000428.0,2000-04-28,2000-04
125,126,20000531.0,2000-05-31,2000-05
126,127,20000630.0,2000-06-30,2000-06
127,128,20000731.0,2000-07-31,2000-07
128,129,20000831.0,2000-08-31,2000-08
129,130,20000929.0,2000-09-29,2000-09
130,131,20001031.0,2000-10-31,2000-10
131,132,20001130.0,2000-11-30,2000-11
132,133,20001229.0,2000-12-29,2000-12
133,134,20010131.0,2001-01-31,2001-01
134,135,20010228.0,2001-02-28,2001-02
135,136,20010330.0,2001-03-30,2001-03
136,137,20010430.0,2001-04-30,2001-04
137,138,20010531.0,2001-05-31,2001-05
138,139,20010629.0,2001-06-29,2001-06
139,140,20010731.0,2001-07-31,2001-07
140,141,20010831.0,2001-08-31,2001-08
141,142,20010928.0,2001-09-28,2001-09
142,143,20011031.0,2001-10-31,2001-10
143,144,20011130.0,2001-11-30,2001-11
144,145,20011231.0,2001-12-31,2001-12
145,146,20020131.0,2002-01-31,2002-01
146,147,20020228.0,2002-02-28,2002-02
147,148,20020328.0,2002-03-28,2002-03
148,149,20020430.0,2002-04-30,2002-04
149,150,20020531.0,2002-05-31,2002-05
150,151,20020628.0,2002-06-28,2002-06
151,152,20020731.0,2002-07-31,2002-07
152,153,20020830.0,2002-08-30,2002-08
153,154,20020930.0,2002-09-30,2002-09
154,155,20021031.0,2002-10-31,2002-10
155,156,20021129.0,2002-11-29,2002-11
156,157,20021231.0,2002-12-31,2002-12
157,158,20030131.0,2003-01-31,2003-01
158,159,20030228.0,2003-02-28,2003-02
159,160,20030331.0,2003-03-31,2003-03
160,161,20030430.0,2003-04-30,2003-04
161,162,20030530.0,2003-05-30,2003-05
162,163,20030630.0,2003-06-30,2003-06
163,164,20030731.0,2003-07-31,2003-07
164,165,20030829.0,2003-08-29,2003-08
165,166,20030930.0,2003-09-30,2003-09
166,167,20031031.0,2003-10-31,2003-10
167,168,20031128.0,2003-11-28,2003-11
168,169,20031231.0,2003-12-31,2003-12
169,170,20040130.0,2004-01-30,2004-01
170,171,20040227.0,2004-02-27,2004-02
171,172,20040331.0,2004-03-31,2004-03
172,173,20040430.0,2004-04-30,2004-04
173,174,20040528.0,2004-05-28,2004-05
174,175,20040630.0,2004-06-30,2004-06
175,176,20040730.0,2004-07-30,2004-07
176,177,20040831.0,2004-08-31,2004-08
177,178,20040930.0,2004-09-30,2004-09
178,179,20041029.0,2004-10-29,2004-10
179,180,20041130.0,2004-11-30,2004-11
180,181,20041231.0,2004-12-31,2004-12
181,182,20050131.0,2005-01-31,2005-01
182,183,20050228.0,2005-02-28,2005-02
183,184,20050331.0,2005-03-31,2005-03
184,185,20050429.0,2005-04-29,2005-04
185,186,20050531.0,2005-05-31,2005-05
186,187,20050630.0,2005-06-30,2005-06
187,188,20050729.0,2005-07-29,2005-07
188,189,20050831.0,2005-08-31,2005-08
189,190,20050930.0,2005-09-30,2005-09
190,191,20051031.0,2005-10-31,2005-10
191,192,20051130.0,2005-11-30,2005-11
192,193,20051230.0,2005-12-30,2005-12
193,194,20060131.0,2006-01-31,2006-01
194,195,20060228.0,2006-02-28,2006-02
195,196,20060331.0,2006-03-31,2006-03
196,197,20060428.0,2006-04-28,2006-04
197,198,20060531.0,2006-05-31,2006-05
198,199,20060630.0,2006-06-30,2006-06
199,200,20060731.0,2006-07-31,2006-07
200,201,20060831.0,2006-08-31,2006-08
201,202,20060929.0,2006-09-29,2006-09
202,203,20061031.0,2006-10-31,2006-10
203,204,20061130.0,2006-11-30,2006-11
204,205,20061229.0,2006-12-29,2006-12
205,206,20070131.0,2007-01-31,2007-01
206,207,20070228.0,2007-02-28,2007-02
207,208,20070330.0,2007-03-30,2007-03
208,209,20070430.0,2007-04-30,2007-04
209,210,20070531.0,2007-05-31,2007-05
210,211,20070629.0,2007-06-29,2007-06
211,212,20070731.0,2007-07-31,2007-07
212,213,20070831.0,2007-08-31,2007-08
213,214,20070928.0,2007-09-28,2007-09
214,215,20071031.0,2007-10-31,2007-10
215,216,20071130.0,2007-11-30,2007-11
216,217,20071231.0,2007-12-31,2007-12
217,218,20080131.0,2008-01-31,2008-01
218,219,20080229.0,2008-02-29,2008-02
219,220,20080331.0,2008-03-31,2008-03
220,221,20080430.0,2008-04-30,2008-04
221,222,20080530.0,2008-05-30,2008-05
222,223,20080630.0,2008-06-30,2008-06
223,224,20080731.0,2008-07-31,2008-07
224,225,20080829.0,2008-08-29,2008-08
225,226,20080930.0,2008-09-30,2008-09
226,227,20081031.0,2008-10-31,2008-10
227,228,20081128.0,2008-11-28,2008-11
228,229,20081231.0,2008-12-31,2008-12
229,230,20090130.0,2009-01-30,2009-01
230,231,20090227.0,2009-02-27,2009-02
231,232,20090331.0,2009-03-31,2009-03
232,233,20090430.0,2009-04-30,2009-04
233,234,20090529.0,2009-05-29,2009-05
234,235,20090630.0,2009-06-30,2009-06
235,236,20090731.0,2009-07-31,2009-07
236,237,20090831.0,2009-08-31,2009-08
237,238,20090930.0,2009-09-30,2009-09
238,239,20091030.0,2009-10-30,2009-10
239,240,20091130.0,2009-11-30,2009-11
240,241,20091231.0,2009-12-31,2009-12
241,242,20100129.0,2010-01-29,2010-01
242,243,20100226.0,2010-02-26,2010-02
243,244,20100331.0,2010-03-31,2010-03
244,245,20100430.0,2010-04-30,2010-04
245,246,20100528.0,2010-05-28,2010-05
246,247,20100630.0,2010-06-30,2010-06
247,248,20100730.0,2010-07-30,2010-07
248,249,20100831.0,2010-08-31,2010-08
249,250,20100930.0,2010-09-30,2010-09
250,251,20101029.0,2010-10-29,2010-10
251,252,20101130.0,2010-11-30,2010-11
252,253,20101231.0,2010-12-31,2010-12
253,254,20110131.0,2011-01-31,2011-01
254,255,20110228.0,2011-02-28,2011-02
255,256,20110331.0,2011-03-31,2011-03
256,257,20110429.0,2011-04-29,2011-04
257,258,20110531.0,2011-05-31,2011-05
258,259,20110630.0,2011-06-30,2011-06
259,260,20110729.0,2011-07-29,2011-07
260,261,20110831.0,2011-08-31,2011-08
261,262,20110930.0,2011-09-30,2011-09
262,263,20111031.0,2011-10-31,2011-10
263,264,20111130.0,2011-11-30,2011-11
264,265,20111230.0,2011-12-30,2011-12
265,266,20120131.0,2012-01-31,2012-01
266,267,20120229.0,2012-02-29,2012-02
267,268,20120330.0,2012-03-30,2012-03
268,269,20120430.0,2012-04-30,2012-04
269,270,20120531.0,2012-05-31,2012-05
270,271,20120629.0,2012-06-29,2012-06
271,272,20120731.0,2012-07-31,2012-07
272,273,20120831.0,2012-08-31,2012-08
273,274,20120928.0,2012-09-28,2012-09
274,275,20121031.0,2012-10-31,2012-10
275,276,20121130.0,2012-11-30,2012-11
276,277,20121231.0,2012-12-31,2012-12
277,278,20130131.0,2013-01-31,2013-01
278,279,20130228.0,2013-02-28,2013-02
279,280,20130328.0,2013-03-28,2013-03
280,281,20130430.0,2013-04-30,2013-04
281,282,20130531.0,2013-05-31,2013-05
282,283,20130628.0,2013-06-28,2013-06
283,284,20130731.0,2013-07-31,2013-07
284,285,20130830.0,2013-08-30,2013-08
285,286,20130930.0,2013-09-30,2013-09
286,287,20131031.0,2013-10-31,2013-10
287,288,20131129.0,2013-11-29,2013-11
288,289,20131231.0,2013-12-31,2013-12
289,290,20140131.0,2014-01-31,2014-01
290,291,20140228.0,2014-02-28,2014-02
291,292,20140331.0,2014-03-31,2014-03
292,293,20140430.0,2014-04-30,2014-04
293,294,20140530.0,2014-05-30,2014-05
294,295,20140630.0,2014-06-30,2014-06
295,296,20140731.0,2014-07-31,2014-07
296,297,20140829.0,2014-08-29,2014-08
297,298,20140930.0,2014-09-30,2014-09
298,299,20141031.0,2014-10-31,2014-10
299,300,20141128.0,2014-11-28,2014-11
300,301,20141231.0,2014-12-31,2014-12
301,302,20150130.0,2015-01-30,2015-01
302,303,20150227.0,2015-02-27,2015-02
303,304,20150331.0,2015-03-31,2015-03
304,305,20150430.0,2015-04-30,2015-04
305,306,20150529.0,2015-05-29,2015-05
306,307,20150630.0,2015-06-30,2015-06
307,308,20150731.0,2015-07-31,2015-07
308,309,20150831.0,2015-08-31,2015-08
309,310,20150930.0,2015-09-30,2015-09
310,311,20151030.0,2015-10-30,2015-10
311,312,20151130.0,2015-11-30,2015-11
312,313,20151231.0,2015-12-31,2015-12
313,314,20160129.0,2016-01-29,2016-01
314,315,20160229.0,2016-02-29,2016-02
315,316,20160331.0,2016-03-31,2016-03
316,317,20160429.0,2016-04-29,2016-04
317,318,20160531.0,2016-05-31,2016-05
318,319,20160630.0,2016-06-30,2016-06
319,320,20160729.0,2016-07-29,2016-07
320,321,20160831.0,2016-08-31,2016-08
321,322,20160930.0,2016-09-30,2016-09
322,323,20161031.0,2016-10-31,2016-10
323,324,20161130.0,2016-11-30,2016-11
324,325,20161230.0,2016-12-30,2016-12
325,326,20170131.0,2017-01-31,2017-01
326,327,20170228.0,2017-02-28,2017-02
327,328,20170331.0,2017-03-31,2017-03
328,329,20170428.0,2017-04-28,2017-04
329,330,20170531.0,2017-05-31,2017-05
330,331,20170630.0,2017-06-30,2017-06
331,332,20170731.0,2017-07-31,2017-07
332,333,20170831.0,2017-08-31,2017-08
333,334,20170929.0,2017-09-29,2017-09
334,335,20171031.0,2017-10-31,2017-10
335,336,20171130.0,2017-11-30,2017-11
336,337,20171229.0,2017-12-29,2017-12
337,338,20180131.0,2018-01-31,2018-01
338,339,20180228.0,2018-02-28,2018-02
339,340,20180329.0,2018-03-29,2018-03
340,341,20180430.0,2018-04-30,2018-04
341,342,20180531.0,2018-05-31,2018-05
342,343,20180629.0,2018-06-29,2018-06
343,344,20180731.0,2018-07-31,2018-07
344,345,20180831.0,2018-08-31,2018-08
345,346,20180928.0,2018-09-28,2018-09
346,347,20181031.0,2018-10-31,2018-10
347,348,20181130.0,2018-11-30,2018-11
348,349,20181231.0,2018-12-31,2018-12
349,350,20190131.0,2019-01-31,2019-01
350,351,20190228.0,2019-02-28,2019-02
351,352,20190329.0,2019-03-29,2019-03
352,353,20190430.0,2019-04-30,2019-04
353,354,20190531.0,2019-05-31,2019-05
354,355,20190628.0,2019-06-28,2019-06
355,356,20190731.0,2019-07-31,2019-07
356,357,20190830.0,2019-08-30,2019-08
357,358,20190930.0,2019-09-30,2019-09
358,359,20191031.0,2019-10-31,2019-10
359,360,20191129.0,2019-11-29,2019-11
360,361,20191231.0,2019-12-31,2019-12
361,362,20200131.0,2020-01-31,2020-01
362,363,20200228.0,2020-02-28,2020-02
363,364,20200331.0,2020-03-31,2020-03
364,365,20200430.0,2020-04-30,2020-04
365,366,20200529.0,2020-05-29,2020-05
366,367,20200630.0,2020-06-30,2020-06
367,368,20200731.0,2020-07-31,2020-07
368,369,20200831.0,2020-08-31,2020-08
369,370,20200930.0,2020-09-30,2020-09
370,371,20201030.0,2020-10-30,2020-10
371,372,20201130.0,2020-11-30,2020-11
372,373,20201231.0,2020-12-31,2020-12
373,374,20210129.0,2021-01-29,2021-01
374,375,20210226.0,2021-02-26,2021-02
375,376,20210331.0,2021-03-31,2021-03
376,377,20210430.0,2021-04-30,2021-04
377,378,20210528.0,2021-05-28,2021-05
378,379,20210630.0,2021-06-30,2021-06
379,380,20210730.0,2021-07-30,2021-07
380,381,20210831.0,2021-08-31,2021-08
381,382,20210930.0,2021-09-30,2021-09
382,383,20211029.0,2021-10-29,2021-10
383,384,20211130.0,2021-11-30,2021-11
384,385,20211231.0,2021-12-31,2021-12
385,386,20220131.0,2022-01-31,2022-01
386,387,20220228.0,2022-02-28,2022-02
387,388,20220331.0,2022-03-31,2022-03
388,389,20220429.0,2022-04-29,2022-04
389,390,20220531.0,2022-05-31,2022-05
390,391,20220630.0,2022-06-30,2022-06
391,392,20220729.0,2022-07-29,2022-07
392,393,20220831.0,2022-08-31,2022-08
393,394,20220930.0,2022-09-30,2022-09
394,395,20221031.0,2022-10-31,2022-10
395,396,20221130.0,2022-11-30,2022-11
396,397,20221230.0,2022-12-30,2022-12
397,398,20230131.0,2023-01-31,2023-01
398,399,20230228.0,2023-02-28,2023-02
399,400,20230331.0,2023-03-31,2023-03
400,401,20230428.0,2023-04-28,2023-04
401,402,20230531.0,2023-05-31,2023-05
402,403,20230630.0,2023-06-30,2023-06
403,404,20230731.0,2023-07-31,2023-07
404,405,20230831.0,2023-08-31,2023-08
405,406,20230929.0,2023-09-29,2023-09
406,407,20231031.0,2023-10-31,2023-10
407,408,20231130.0,2023-11-30,2023-11
408,409,20231229.0,2023-12-29,2023-12
409,410,20240131.0,2024-01-31,2024-01
410,411,20240229.0,2024-02-29,2024-02
411,412,20240328.0,2024-03-28,2024-03
412,413,20240430.0,2024-04-30,2024-04
413,414,20240531.0,2024-05-31,2024-05
414,415,20240628.0,2024-06-28,2024-06
415,416,20240731.0,2024-07-31,2024-07
416,417,20240830.0,2024-08-30,2024-08
417,418,20240930.0,2024-09-30,2024-09
418,419,20241031.0,2024-10-31,2024-10
419,420,20241129.0,2024-11-29,2024-11
